-- MySQL dump 10.13  Distrib 8.0.34, for Win64 (x86_64)
--
-- Host: 127.0.0.1    Database: fastapi_project
-- ------------------------------------------------------
-- Server version	8.1.0

/*!40101 SET @OLD_CHARACTER_SET_CLIENT=@@CHARACTER_SET_CLIENT */;
/*!40101 SET @OLD_CHARACTER_SET_RESULTS=@@CHARACTER_SET_RESULTS */;
/*!40101 SET @OLD_COLLATION_CONNECTION=@@COLLATION_CONNECTION */;
/*!50503 SET NAMES utf8 */;
/*!40103 SET @OLD_TIME_ZONE=@@TIME_ZONE */;
/*!40103 SET TIME_ZONE='+00:00' */;
/*!40014 SET @OLD_UNIQUE_CHECKS=@@UNIQUE_CHECKS, UNIQUE_CHECKS=0 */;
/*!40014 SET @OLD_FOREIGN_KEY_CHECKS=@@FOREIGN_KEY_CHECKS, FOREIGN_KEY_CHECKS=0 */;
/*!40101 SET @OLD_SQL_MODE=@@SQL_MODE, SQL_MODE='NO_AUTO_VALUE_ON_ZERO' */;
/*!40111 SET @OLD_SQL_NOTES=@@SQL_NOTES, SQL_NOTES=0 */;

--
-- Table structure for table `angers_cadrillage`
--

DROP TABLE IF EXISTS `angers_cadrillage`;
/*!40101 SET @saved_cs_client     = @@character_set_client */;
/*!50503 SET character_set_client = utf8mb4 */;
CREATE TABLE `angers_cadrillage` (
  `id_zone` varchar(100) NOT NULL,
  `latitude_centre` float NOT NULL,
  `longitude_centre` float NOT NULL,
  `latitude_min` float NOT NULL,
  `longitude_min` float NOT NULL,
  `latitude_max` float NOT NULL,
  `longitude_max` float NOT NULL,
  `rayon_km` float NOT NULL,
  PRIMARY KEY (`id_zone`)
) ENGINE=InnoDB DEFAULT CHARSET=utf8mb4 COLLATE=utf8mb4_0900_ai_ci;
/*!40101 SET character_set_client = @saved_cs_client */;

--
-- Dumping data for table `angers_cadrillage`
--

LOCK TABLES `angers_cadrillage` WRITE;
/*!40000 ALTER TABLE `angers_cadrillage` DISABLE KEYS */;
INSERT INTO `angers_cadrillage` VALUES ('ZONE_474045_-0461',47.4045,-0.461,47.4,-0.468,47.409,-0.454,0.726556),('ZONE_474045_-0475',47.4045,-0.475,47.4,-0.482,47.409,-0.468,0.726556),('ZONE_474045_-0489',47.4045,-0.489,47.4,-0.496,47.409,-0.482,0.726556),('ZONE_474045_-0503',47.4045,-0.503,47.4,-0.51,47.409,-0.496,0.726556),('ZONE_474045_-0517',47.4045,-0.517,47.4,-0.524,47.409,-0.51,0.726556),('ZONE_474045_-0531',47.4045,-0.531,47.4,-0.538,47.409,-0.524,0.726556),('ZONE_474045_-0545',47.4045,-0.545,47.4,-0.552,47.409,-0.538,0.726556),('ZONE_474045_-0559',47.4045,-0.559,47.4,-0.566,47.409,-0.552,0.726556),('ZONE_474045_-0573',47.4045,-0.573,47.4,-0.58,47.409,-0.566,0.726556),('ZONE_474045_-0587',47.4045,-0.587,47.4,-0.594,47.409,-0.58,0.726556),('ZONE_474045_-0601',47.4045,-0.601,47.4,-0.608,47.409,-0.594,0.726556),('ZONE_474045_-0615',47.4045,-0.615,47.4,-0.622,47.409,-0.608,0.726556),('ZONE_474045_-0629',47.4045,-0.629,47.4,-0.636,47.409,-0.622,0.726556),('ZONE_474045_-0643',47.4045,-0.643,47.4,-0.65,47.409,-0.636,0.726556),('ZONE_474135_-0461',47.4135,-0.461,47.409,-0.468,47.418,-0.454,0.726491),('ZONE_474135_-0475',47.4135,-0.475,47.409,-0.482,47.418,-0.468,0.726491),('ZONE_474135_-0489',47.4135,-0.489,47.409,-0.496,47.418,-0.482,0.726491),('ZONE_474135_-0503',47.4135,-0.503,47.409,-0.51,47.418,-0.496,0.726491),('ZONE_474135_-0517',47.4135,-0.517,47.409,-0.524,47.418,-0.51,0.726491),('ZONE_474135_-0531',47.4135,-0.531,47.409,-0.538,47.418,-0.524,0.726491),('ZONE_474135_-0545',47.4135,-0.545,47.409,-0.552,47.418,-0.538,0.726491),('ZONE_474135_-0559',47.4135,-0.559,47.409,-0.566,47.418,-0.552,0.726491),('ZONE_474135_-0573',47.4135,-0.573,47.409,-0.58,47.418,-0.566,0.726491),('ZONE_474135_-0587',47.4135,-0.587,47.409,-0.594,47.418,-0.58,0.726491),('ZONE_474135_-0601',47.4135,-0.601,47.409,-0.608,47.418,-0.594,0.726491),('ZONE_474135_-0615',47.4135,-0.615,47.409,-0.622,47.418,-0.608,0.726491),('ZONE_474135_-0629',47.4135,-0.629,47.409,-0.636,47.418,-0.622,0.726491),('ZONE_474135_-0643',47.4135,-0.643,47.409,-0.65,47.418,-0.636,0.726491),('ZONE_474225_-0461',47.4225,-0.461,47.418,-0.468,47.427,-0.454,0.726425),('ZONE_474225_-0475',47.4225,-0.475,47.418,-0.482,47.427,-0.468,0.726425),('ZONE_474225_-0489',47.4225,-0.489,47.418,-0.496,47.427,-0.482,0.726425),('ZONE_474225_-0503',47.4225,-0.503,47.418,-0.51,47.427,-0.496,0.726425),('ZONE_474225_-0517',47.4225,-0.517,47.418,-0.524,47.427,-0.51,0.726425),('ZONE_474225_-0531',47.4225,-0.531,47.418,-0.538,47.427,-0.524,0.726425),('ZONE_474225_-0545',47.4225,-0.545,47.418,-0.552,47.427,-0.538,0.726425),('ZONE_474225_-0559',47.4225,-0.559,47.418,-0.566,47.427,-0.552,0.726425),('ZONE_474225_-0573',47.4225,-0.573,47.418,-0.58,47.427,-0.566,0.726425),('ZONE_474225_-0587',47.4225,-0.587,47.418,-0.594,47.427,-0.58,0.726425),('ZONE_474225_-0601',47.4225,-0.601,47.418,-0.608,47.427,-0.594,0.726425),('ZONE_474225_-0615',47.4225,-0.615,47.418,-0.622,47.427,-0.608,0.726425),('ZONE_474225_-0629',47.4225,-0.629,47.418,-0.636,47.427,-0.622,0.726425),('ZONE_474225_-0643',47.4225,-0.643,47.418,-0.65,47.427,-0.636,0.726425),('ZONE_474315_-0461',47.4315,-0.461,47.427,-0.468,47.436,-0.454,0.72636),('ZONE_474315_-0475',47.4315,-0.475,47.427,-0.482,47.436,-0.468,0.72636),('ZONE_474315_-0489',47.4315,-0.489,47.427,-0.496,47.436,-0.482,0.72636),('ZONE_474315_-0503',47.4315,-0.503,47.427,-0.51,47.436,-0.496,0.72636),('ZONE_474315_-0517',47.4315,-0.517,47.427,-0.524,47.436,-0.51,0.72636),('ZONE_474315_-0531',47.4315,-0.531,47.427,-0.538,47.436,-0.524,0.72636),('ZONE_474315_-0545',47.4315,-0.545,47.427,-0.552,47.436,-0.538,0.72636),('ZONE_474315_-0559',47.4315,-0.559,47.427,-0.566,47.436,-0.552,0.72636),('ZONE_474315_-0573',47.4315,-0.573,47.427,-0.58,47.436,-0.566,0.72636),('ZONE_474315_-0587',47.4315,-0.587,47.427,-0.594,47.436,-0.58,0.72636),('ZONE_474315_-0601',47.4315,-0.601,47.427,-0.608,47.436,-0.594,0.72636),('ZONE_474315_-0615',47.4315,-0.615,47.427,-0.622,47.436,-0.608,0.72636),('ZONE_474315_-0629',47.4315,-0.629,47.427,-0.636,47.436,-0.622,0.72636),('ZONE_474315_-0643',47.4315,-0.643,47.427,-0.65,47.436,-0.636,0.72636),('ZONE_474405_-0461',47.4405,-0.461,47.436,-0.468,47.445,-0.454,0.726295),('ZONE_474405_-0475',47.4405,-0.475,47.436,-0.482,47.445,-0.468,0.726295),('ZONE_474405_-0489',47.4405,-0.489,47.436,-0.496,47.445,-0.482,0.726295),('ZONE_474405_-0503',47.4405,-0.503,47.436,-0.51,47.445,-0.496,0.726295),('ZONE_474405_-0517',47.4405,-0.517,47.436,-0.524,47.445,-0.51,0.726295),('ZONE_474405_-0531',47.4405,-0.531,47.436,-0.538,47.445,-0.524,0.726295),('ZONE_474405_-0545',47.4405,-0.545,47.436,-0.552,47.445,-0.538,0.726295),('ZONE_474405_-0559',47.4405,-0.559,47.436,-0.566,47.445,-0.552,0.726295),('ZONE_474405_-0573',47.4405,-0.573,47.436,-0.58,47.445,-0.566,0.726295),('ZONE_474405_-0587',47.4405,-0.587,47.436,-0.594,47.445,-0.58,0.726295),('ZONE_474405_-0601',47.4405,-0.601,47.436,-0.608,47.445,-0.594,0.726295),('ZONE_474405_-0615',47.4405,-0.615,47.436,-0.622,47.445,-0.608,0.726295),('ZONE_474405_-0629',47.4405,-0.629,47.436,-0.636,47.445,-0.622,0.726295),('ZONE_474405_-0643',47.4405,-0.643,47.436,-0.65,47.445,-0.636,0.726295),('ZONE_474495_-0461',47.4495,-0.461,47.445,-0.468,47.454,-0.454,0.72623),('ZONE_474495_-0475',47.4495,-0.475,47.445,-0.482,47.454,-0.468,0.72623),('ZONE_474495_-0489',47.4495,-0.489,47.445,-0.496,47.454,-0.482,0.72623),('ZONE_474495_-0503',47.4495,-0.503,47.445,-0.51,47.454,-0.496,0.72623),('ZONE_474495_-0517',47.4495,-0.517,47.445,-0.524,47.454,-0.51,0.72623),('ZONE_474495_-0531',47.4495,-0.531,47.445,-0.538,47.454,-0.524,0.72623),('ZONE_474495_-0545',47.4495,-0.545,47.445,-0.552,47.454,-0.538,0.72623),('ZONE_474495_-0559',47.4495,-0.559,47.445,-0.566,47.454,-0.552,0.72623),('ZONE_474495_-0573',47.4495,-0.573,47.445,-0.58,47.454,-0.566,0.72623),('ZONE_474495_-0587',47.4495,-0.587,47.445,-0.594,47.454,-0.58,0.72623),('ZONE_474495_-0601',47.4495,-0.601,47.445,-0.608,47.454,-0.594,0.72623),('ZONE_474495_-0615',47.4495,-0.615,47.445,-0.622,47.454,-0.608,0.72623),('ZONE_474495_-0629',47.4495,-0.629,47.445,-0.636,47.454,-0.622,0.72623),('ZONE_474495_-0643',47.4495,-0.643,47.445,-0.65,47.454,-0.636,0.72623),('ZONE_474585_-0461',47.4585,-0.461,47.454,-0.468,47.463,-0.454,0.726164),('ZONE_474585_-0475',47.4585,-0.475,47.454,-0.482,47.463,-0.468,0.726164),('ZONE_474585_-0489',47.4585,-0.489,47.454,-0.496,47.463,-0.482,0.726164),('ZONE_474585_-0503',47.4585,-0.503,47.454,-0.51,47.463,-0.496,0.726164),('ZONE_474585_-0517',47.4585,-0.517,47.454,-0.524,47.463,-0.51,0.726164),('ZONE_474585_-0531',47.4585,-0.531,47.454,-0.538,47.463,-0.524,0.726164),('ZONE_474585_-0545',47.4585,-0.545,47.454,-0.552,47.463,-0.538,0.726164),('ZONE_474585_-0559',47.4585,-0.559,47.454,-0.566,47.463,-0.552,0.726164),('ZONE_474585_-0573',47.4585,-0.573,47.454,-0.58,47.463,-0.566,0.726164),('ZONE_474585_-0587',47.4585,-0.587,47.454,-0.594,47.463,-0.58,0.726164),('ZONE_474585_-0601',47.4585,-0.601,47.454,-0.608,47.463,-0.594,0.726164),('ZONE_474585_-0615',47.4585,-0.615,47.454,-0.622,47.463,-0.608,0.726164),('ZONE_474585_-0629',47.4585,-0.629,47.454,-0.636,47.463,-0.622,0.726164),('ZONE_474585_-0643',47.4585,-0.643,47.454,-0.65,47.463,-0.636,0.726164),('ZONE_474675_-0461',47.4675,-0.461,47.463,-0.468,47.472,-0.454,0.726099),('ZONE_474675_-0475',47.4675,-0.475,47.463,-0.482,47.472,-0.468,0.726099),('ZONE_474675_-0489',47.4675,-0.489,47.463,-0.496,47.472,-0.482,0.726099),('ZONE_474675_-0503',47.4675,-0.503,47.463,-0.51,47.472,-0.496,0.726099),('ZONE_474675_-0517',47.4675,-0.517,47.463,-0.524,47.472,-0.51,0.726099),('ZONE_474675_-0531',47.4675,-0.531,47.463,-0.538,47.472,-0.524,0.726099),('ZONE_474675_-0545',47.4675,-0.545,47.463,-0.552,47.472,-0.538,0.726099),('ZONE_474675_-0559',47.4675,-0.559,47.463,-0.566,47.472,-0.552,0.726099),('ZONE_474675_-0573',47.4675,-0.573,47.463,-0.58,47.472,-0.566,0.726099),('ZONE_474675_-0587',47.4675,-0.587,47.463,-0.594,47.472,-0.58,0.726099),('ZONE_474675_-0601',47.4675,-0.601,47.463,-0.608,47.472,-0.594,0.726099),('ZONE_474675_-0615',47.4675,-0.615,47.463,-0.622,47.472,-0.608,0.726099),('ZONE_474675_-0629',47.4675,-0.629,47.463,-0.636,47.472,-0.622,0.726099),('ZONE_474675_-0643',47.4675,-0.643,47.463,-0.65,47.472,-0.636,0.726099),('ZONE_474765_-0461',47.4765,-0.461,47.472,-0.468,47.481,-0.454,0.726034),('ZONE_474765_-0475',47.4765,-0.475,47.472,-0.482,47.481,-0.468,0.726034),('ZONE_474765_-0489',47.4765,-0.489,47.472,-0.496,47.481,-0.482,0.726034),('ZONE_474765_-0503',47.4765,-0.503,47.472,-0.51,47.481,-0.496,0.726034),('ZONE_474765_-0517',47.4765,-0.517,47.472,-0.524,47.481,-0.51,0.726034),('ZONE_474765_-0531',47.4765,-0.531,47.472,-0.538,47.481,-0.524,0.726034),('ZONE_474765_-0545',47.4765,-0.545,47.472,-0.552,47.481,-0.538,0.726034),('ZONE_474765_-0559',47.4765,-0.559,47.472,-0.566,47.481,-0.552,0.726034),('ZONE_474765_-0573',47.4765,-0.573,47.472,-0.58,47.481,-0.566,0.726034),('ZONE_474765_-0587',47.4765,-0.587,47.472,-0.594,47.481,-0.58,0.726034),('ZONE_474765_-0601',47.4765,-0.601,47.472,-0.608,47.481,-0.594,0.726034),('ZONE_474765_-0615',47.4765,-0.615,47.472,-0.622,47.481,-0.608,0.726034),('ZONE_474765_-0629',47.4765,-0.629,47.472,-0.636,47.481,-0.622,0.726034),('ZONE_474765_-0643',47.4765,-0.643,47.472,-0.65,47.481,-0.636,0.726034),('ZONE_474855_-0461',47.4855,-0.461,47.481,-0.468,47.49,-0.454,0.725969),('ZONE_474855_-0475',47.4855,-0.475,47.481,-0.482,47.49,-0.468,0.725969),('ZONE_474855_-0489',47.4855,-0.489,47.481,-0.496,47.49,-0.482,0.725969),('ZONE_474855_-0503',47.4855,-0.503,47.481,-0.51,47.49,-0.496,0.725969),('ZONE_474855_-0517',47.4855,-0.517,47.481,-0.524,47.49,-0.51,0.725969),('ZONE_474855_-0531',47.4855,-0.531,47.481,-0.538,47.49,-0.524,0.725969),('ZONE_474855_-0545',47.4855,-0.545,47.481,-0.552,47.49,-0.538,0.725969),('ZONE_474855_-0559',47.4855,-0.559,47.481,-0.566,47.49,-0.552,0.725969),('ZONE_474855_-0573',47.4855,-0.573,47.481,-0.58,47.49,-0.566,0.725969),('ZONE_474855_-0587',47.4855,-0.587,47.481,-0.594,47.49,-0.58,0.725969),('ZONE_474855_-0601',47.4855,-0.601,47.481,-0.608,47.49,-0.594,0.725969),('ZONE_474855_-0615',47.4855,-0.615,47.481,-0.622,47.49,-0.608,0.725969),('ZONE_474855_-0629',47.4855,-0.629,47.481,-0.636,47.49,-0.622,0.725969),('ZONE_474855_-0643',47.4855,-0.643,47.481,-0.65,47.49,-0.636,0.725969),('ZONE_474945_-0461',47.4945,-0.461,47.49,-0.468,47.499,-0.454,0.725903),('ZONE_474945_-0475',47.4945,-0.475,47.49,-0.482,47.499,-0.468,0.725903),('ZONE_474945_-0489',47.4945,-0.489,47.49,-0.496,47.499,-0.482,0.725903),('ZONE_474945_-0503',47.4945,-0.503,47.49,-0.51,47.499,-0.496,0.725903),('ZONE_474945_-0517',47.4945,-0.517,47.49,-0.524,47.499,-0.51,0.725903),('ZONE_474945_-0531',47.4945,-0.531,47.49,-0.538,47.499,-0.524,0.725903),('ZONE_474945_-0545',47.4945,-0.545,47.49,-0.552,47.499,-0.538,0.725903),('ZONE_474945_-0559',47.4945,-0.559,47.49,-0.566,47.499,-0.552,0.725903),('ZONE_474945_-0573',47.4945,-0.573,47.49,-0.58,47.499,-0.566,0.725903),('ZONE_474945_-0587',47.4945,-0.587,47.49,-0.594,47.499,-0.58,0.725903),('ZONE_474945_-0601',47.4945,-0.601,47.49,-0.608,47.499,-0.594,0.725903),('ZONE_474945_-0615',47.4945,-0.615,47.49,-0.622,47.499,-0.608,0.725903),('ZONE_474945_-0629',47.4945,-0.629,47.49,-0.636,47.499,-0.622,0.725903),('ZONE_474945_-0643',47.4945,-0.643,47.49,-0.65,47.499,-0.636,0.725903),('ZONE_475035_-0461',47.5035,-0.461,47.499,-0.468,47.508,-0.454,0.725838),('ZONE_475035_-0475',47.5035,-0.475,47.499,-0.482,47.508,-0.468,0.725838),('ZONE_475035_-0489',47.5035,-0.489,47.499,-0.496,47.508,-0.482,0.725838),('ZONE_475035_-0503',47.5035,-0.503,47.499,-0.51,47.508,-0.496,0.725838),('ZONE_475035_-0517',47.5035,-0.517,47.499,-0.524,47.508,-0.51,0.725838),('ZONE_475035_-0531',47.5035,-0.531,47.499,-0.538,47.508,-0.524,0.725838),('ZONE_475035_-0545',47.5035,-0.545,47.499,-0.552,47.508,-0.538,0.725838),('ZONE_475035_-0559',47.5035,-0.559,47.499,-0.566,47.508,-0.552,0.725838),('ZONE_475035_-0573',47.5035,-0.573,47.499,-0.58,47.508,-0.566,0.725838),('ZONE_475035_-0587',47.5035,-0.587,47.499,-0.594,47.508,-0.58,0.725838),('ZONE_475035_-0601',47.5035,-0.601,47.499,-0.608,47.508,-0.594,0.725838),('ZONE_475035_-0615',47.5035,-0.615,47.499,-0.622,47.508,-0.608,0.725838),('ZONE_475035_-0629',47.5035,-0.629,47.499,-0.636,47.508,-0.622,0.725838),('ZONE_475035_-0643',47.5035,-0.643,47.499,-0.65,47.508,-0.636,0.725838),('ZONE_475125_-0461',47.5125,-0.461,47.508,-0.468,47.517,-0.454,0.725773),('ZONE_475125_-0475',47.5125,-0.475,47.508,-0.482,47.517,-0.468,0.725773),('ZONE_475125_-0489',47.5125,-0.489,47.508,-0.496,47.517,-0.482,0.725773),('ZONE_475125_-0503',47.5125,-0.503,47.508,-0.51,47.517,-0.496,0.725773),('ZONE_475125_-0517',47.5125,-0.517,47.508,-0.524,47.517,-0.51,0.725773),('ZONE_475125_-0531',47.5125,-0.531,47.508,-0.538,47.517,-0.524,0.725773),('ZONE_475125_-0545',47.5125,-0.545,47.508,-0.552,47.517,-0.538,0.725773),('ZONE_475125_-0559',47.5125,-0.559,47.508,-0.566,47.517,-0.552,0.725773),('ZONE_475125_-0573',47.5125,-0.573,47.508,-0.58,47.517,-0.566,0.725773),('ZONE_475125_-0587',47.5125,-0.587,47.508,-0.594,47.517,-0.58,0.725773),('ZONE_475125_-0601',47.5125,-0.601,47.508,-0.608,47.517,-0.594,0.725773),('ZONE_475125_-0615',47.5125,-0.615,47.508,-0.622,47.517,-0.608,0.725773),('ZONE_475125_-0629',47.5125,-0.629,47.508,-0.636,47.517,-0.622,0.725773),('ZONE_475125_-0643',47.5125,-0.643,47.508,-0.65,47.517,-0.636,0.725773),('ZONE_475215_-0461',47.5215,-0.461,47.517,-0.468,47.526,-0.454,0.725707),('ZONE_475215_-0475',47.5215,-0.475,47.517,-0.482,47.526,-0.468,0.725707),('ZONE_475215_-0489',47.5215,-0.489,47.517,-0.496,47.526,-0.482,0.725707),('ZONE_475215_-0503',47.5215,-0.503,47.517,-0.51,47.526,-0.496,0.725707),('ZONE_475215_-0517',47.5215,-0.517,47.517,-0.524,47.526,-0.51,0.725707),('ZONE_475215_-0531',47.5215,-0.531,47.517,-0.538,47.526,-0.524,0.725707),('ZONE_475215_-0545',47.5215,-0.545,47.517,-0.552,47.526,-0.538,0.725707),('ZONE_475215_-0559',47.5215,-0.559,47.517,-0.566,47.526,-0.552,0.725707),('ZONE_475215_-0573',47.5215,-0.573,47.517,-0.58,47.526,-0.566,0.725707),('ZONE_475215_-0587',47.5215,-0.587,47.517,-0.594,47.526,-0.58,0.725707),('ZONE_475215_-0601',47.5215,-0.601,47.517,-0.608,47.526,-0.594,0.725707),('ZONE_475215_-0615',47.5215,-0.615,47.517,-0.622,47.526,-0.608,0.725707),('ZONE_475215_-0629',47.5215,-0.629,47.517,-0.636,47.526,-0.622,0.725707),('ZONE_475215_-0643',47.5215,-0.643,47.517,-0.65,47.526,-0.636,0.725707),('ZONE_475305_-0461',47.5305,-0.461,47.526,-0.468,47.535,-0.454,0.725642),('ZONE_475305_-0475',47.5305,-0.475,47.526,-0.482,47.535,-0.468,0.725642),('ZONE_475305_-0489',47.5305,-0.489,47.526,-0.496,47.535,-0.482,0.725642),('ZONE_475305_-0503',47.5305,-0.503,47.526,-0.51,47.535,-0.496,0.725642),('ZONE_475305_-0517',47.5305,-0.517,47.526,-0.524,47.535,-0.51,0.725642),('ZONE_475305_-0531',47.5305,-0.531,47.526,-0.538,47.535,-0.524,0.725642),('ZONE_475305_-0545',47.5305,-0.545,47.526,-0.552,47.535,-0.538,0.725642),('ZONE_475305_-0559',47.5305,-0.559,47.526,-0.566,47.535,-0.552,0.725642),('ZONE_475305_-0573',47.5305,-0.573,47.526,-0.58,47.535,-0.566,0.725642),('ZONE_475305_-0587',47.5305,-0.587,47.526,-0.594,47.535,-0.58,0.725642),('ZONE_475305_-0601',47.5305,-0.601,47.526,-0.608,47.535,-0.594,0.725642),('ZONE_475305_-0615',47.5305,-0.615,47.526,-0.622,47.535,-0.608,0.725642),('ZONE_475305_-0629',47.5305,-0.629,47.526,-0.636,47.535,-0.622,0.725642),('ZONE_475305_-0643',47.5305,-0.643,47.526,-0.65,47.535,-0.636,0.725642),('ZONE_475395_-0461',47.5395,-0.461,47.535,-0.468,47.544,-0.454,0.725577),('ZONE_475395_-0475',47.5395,-0.475,47.535,-0.482,47.544,-0.468,0.725577),('ZONE_475395_-0489',47.5395,-0.489,47.535,-0.496,47.544,-0.482,0.725577),('ZONE_475395_-0503',47.5395,-0.503,47.535,-0.51,47.544,-0.496,0.725577),('ZONE_475395_-0517',47.5395,-0.517,47.535,-0.524,47.544,-0.51,0.725577),('ZONE_475395_-0531',47.5395,-0.531,47.535,-0.538,47.544,-0.524,0.725577),('ZONE_475395_-0545',47.5395,-0.545,47.535,-0.552,47.544,-0.538,0.725577),('ZONE_475395_-0559',47.5395,-0.559,47.535,-0.566,47.544,-0.552,0.725577),('ZONE_475395_-0573',47.5395,-0.573,47.535,-0.58,47.544,-0.566,0.725577),('ZONE_475395_-0587',47.5395,-0.587,47.535,-0.594,47.544,-0.58,0.725577),('ZONE_475395_-0601',47.5395,-0.601,47.535,-0.608,47.544,-0.594,0.725577),('ZONE_475395_-0615',47.5395,-0.615,47.535,-0.622,47.544,-0.608,0.725577),('ZONE_475395_-0629',47.5395,-0.629,47.535,-0.636,47.544,-0.622,0.725577),('ZONE_475395_-0643',47.5395,-0.643,47.535,-0.65,47.544,-0.636,0.725577);
/*!40000 ALTER TABLE `angers_cadrillage` ENABLE KEYS */;
UNLOCK TABLES;

--
-- Table structure for table `chemins`
--

DROP TABLE IF EXISTS `chemins`;
/*!40101 SET @saved_cs_client     = @@character_set_client */;
/*!50503 SET character_set_client = utf8mb4 */;
CREATE TABLE `chemins` (
  `id_chemin` varchar(100) NOT NULL,
  `id_zone` varchar(100) NOT NULL,
  `id_infra` varchar(100) NOT NULL,
  `type_infra` varchar(50) NOT NULL,
  `distance_m` float NOT NULL,
  PRIMARY KEY (`id_chemin`),
  KEY `id_zone` (`id_zone`),
  KEY `id_infra` (`id_infra`),
  CONSTRAINT `chemins_ibfk_1` FOREIGN KEY (`id_zone`) REFERENCES `angers_cadrillage` (`id_zone`),
  CONSTRAINT `chemins_ibfk_2` FOREIGN KEY (`id_infra`) REFERENCES `infrastructures` (`id_infra`)
) ENGINE=InnoDB DEFAULT CHARSET=utf8mb4 COLLATE=utf8mb4_0900_ai_ci;
/*!40101 SET character_set_client = @saved_cs_client */;

--
-- Dumping data for table `chemins`
--

LOCK TABLES `chemins` WRITE;
/*!40000 ALTER TABLE `chemins` DISABLE KEYS */;
INSERT INTO `chemins` VALUES ('ALLARD_EMELINE_474913_-056127_Médecin_671','ZONE_474945_-0545','ALLARD_EMELINE_474913_-056127','Médecin',1277.89),('ALLARD_EMELINE_474913_-056127_Médecin_676','ZONE_474945_-0559','ALLARD_EMELINE_474913_-056127','Médecin',633.843),('ALLARD_EMELINE_474913_-056127_Médecin_681','ZONE_474945_-0573','ALLARD_EMELINE_474913_-056127','Médecin',1142.65),('ALLARD_EMELINE_474913_-056127_Médecin_732','ZONE_475035_-0545','ALLARD_EMELINE_474913_-056127','Médecin',1110.6),('ALLARD_EMELINE_474913_-056127_Médecin_737','ZONE_475035_-0559','ALLARD_EMELINE_474913_-056127','Médecin',2256.48),('ALLARD_EMELINE_474913_-056127_Médecin_742','ZONE_475035_-0573','ALLARD_EMELINE_474913_-056127','Médecin',2522.47),('ALLARD_EMELINE_474913_-056127_Médecin_747','ZONE_475035_-0587','ALLARD_EMELINE_474913_-056127','Médecin',2783.12),('ALLARD_EMELINE_474913_-056127_Médecin_802','ZONE_475125_-0545','ALLARD_EMELINE_474913_-056127','Médecin',1747.92),('ALLARD_EMELINE_474913_-056127_Médecin_807','ZONE_475125_-0587','ALLARD_EMELINE_474913_-056127','Médecin',4059.05),('ALLARD_EMELINE_474913_-056127_Médecin_812','ZONE_475125_-0601','ALLARD_EMELINE_474913_-056127','Médecin',4472.46),('ALLARD_EMELINE_474913_-056127_Médecin_872','ZONE_475215_-0573','ALLARD_EMELINE_474913_-056127','Médecin',3987.82),('ALLARD_EMELINE_474913_-056127_Médecin_877','ZONE_475215_-0587','ALLARD_EMELINE_474913_-056127','Médecin',5401.84),('ALLARD_EMELINE_474913_-056127_Médecin_882','ZONE_475215_-0601','ALLARD_EMELINE_474913_-056127','Médecin',5549.86),('ALLARD_EMELINE_474913_-056127_Médecin_887','ZONE_475215_-0615','ALLARD_EMELINE_474913_-056127','Médecin',6001.25),('ALLARD_EMELINE_474913_-056127_Médecin_947','ZONE_475305_-0601','ALLARD_EMELINE_474913_-056127','Médecin',6649.29),('ALLARD_EMELINE_474913_-056127_Médecin_952','ZONE_475305_-0615','ALLARD_EMELINE_474913_-056127','Médecin',7244.41),('ANQUETIL_OUVRARD_CATHERINE_474719_-0537318_Médecin_491','ZONE_474675_-0531','ANQUETIL_OUVRARD_CATHERINE_474719_-0537318','Médecin',962.016),('ARIAUX_FRANCOIS_474843_-0571062_Médecin_617','ZONE_474855_-0573','ARIAUX_FRANCOIS_474843_-0571062','Médecin',454.387),('ARIAUX_FRANCOIS_474843_-0571062_Médecin_622','ZONE_474855_-0587','ARIAUX_FRANCOIS_474843_-0571062','Médecin',1964.36),('ARIAUX_FRANCOIS_474843_-0571062_Médecin_686','ZONE_474945_-0587','ARIAUX_FRANCOIS_474843_-0571062','Médecin',2201.56),('AUBER_DEGROOTE_EGLANTINE_474451_-0598805_Médecin_116','ZONE_474135_-0587','AUBER_DEGROOTE_EGLANTINE_474451_-0598805','Médecin',17094),('AUBER_DEGROOTE_EGLANTINE_474451_-0598805_Médecin_121','ZONE_474135_-0601','AUBER_DEGROOTE_EGLANTINE_474451_-0598805','Médecin',17684.6),('AUBER_DEGROOTE_EGLANTINE_474451_-0598805_Médecin_126','ZONE_474135_-0615','AUBER_DEGROOTE_EGLANTINE_474451_-0598805','Médecin',4928),('AUBER_DEGROOTE_EGLANTINE_474451_-0598805_Médecin_131','ZONE_474135_-0629','AUBER_DEGROOTE_EGLANTINE_474451_-0598805','Médecin',6157.47),('AUBER_DEGROOTE_EGLANTINE_474451_-0598805_Médecin_136','ZONE_474135_-0643','AUBER_DEGROOTE_EGLANTINE_474451_-0598805','Médecin',7180.13),('AUBER_DEGROOTE_EGLANTINE_474451_-0598805_Médecin_171','ZONE_474225_-0587','AUBER_DEGROOTE_EGLANTINE_474451_-0598805','Médecin',5849.64),('AUBER_DEGROOTE_EGLANTINE_474451_-0598805_Médecin_176','ZONE_474225_-0601','AUBER_DEGROOTE_EGLANTINE_474451_-0598805','Médecin',4610.25),('AUBER_DEGROOTE_EGLANTINE_474451_-0598805_Médecin_181','ZONE_474225_-0615','AUBER_DEGROOTE_EGLANTINE_474451_-0598805','Médecin',4352.4),('AUBER_DEGROOTE_EGLANTINE_474451_-0598805_Médecin_186','ZONE_474225_-0629','AUBER_DEGROOTE_EGLANTINE_474451_-0598805','Médecin',5353.6),('AUBER_DEGROOTE_EGLANTINE_474451_-0598805_Médecin_191','ZONE_474225_-0643','AUBER_DEGROOTE_EGLANTINE_474451_-0598805','Médecin',6106.08),('AUBER_DEGROOTE_EGLANTINE_474451_-0598805_Médecin_241','ZONE_474315_-0587','AUBER_DEGROOTE_EGLANTINE_474451_-0598805','Médecin',7001.9),('AUBER_DEGROOTE_EGLANTINE_474451_-0598805_Médecin_246','ZONE_474315_-0601','AUBER_DEGROOTE_EGLANTINE_474451_-0598805','Médecin',2562.95),('AUBER_DEGROOTE_EGLANTINE_474451_-0598805_Médecin_251','ZONE_474315_-0615','AUBER_DEGROOTE_EGLANTINE_474451_-0598805','Médecin',2587.7),('AUBER_DEGROOTE_EGLANTINE_474451_-0598805_Médecin_256','ZONE_474315_-0629','AUBER_DEGROOTE_EGLANTINE_474451_-0598805','Médecin',6188.21),('AUBER_DEGROOTE_EGLANTINE_474451_-0598805_Médecin_261','ZONE_474315_-0643','AUBER_DEGROOTE_EGLANTINE_474451_-0598805','Médecin',4830.56),('AUBER_DEGROOTE_EGLANTINE_474451_-0598805_Médecin_311','ZONE_474405_-0587','AUBER_DEGROOTE_EGLANTINE_474451_-0598805','Médecin',7298.18),('AUBER_DEGROOTE_EGLANTINE_474451_-0598805_Médecin_316','ZONE_474405_-0601','AUBER_DEGROOTE_EGLANTINE_474451_-0598805','Médecin',129.233),('AUBER_DEGROOTE_EGLANTINE_474451_-0598805_Médecin_321','ZONE_474405_-0615','AUBER_DEGROOTE_EGLANTINE_474451_-0598805','Médecin',1773.36),('AUBER_DEGROOTE_EGLANTINE_474451_-0598805_Médecin_326','ZONE_474405_-0629','AUBER_DEGROOTE_EGLANTINE_474451_-0598805','Médecin',3067.54),('AUBER_DEGROOTE_EGLANTINE_474451_-0598805_Médecin_331','ZONE_474405_-0643','AUBER_DEGROOTE_EGLANTINE_474451_-0598805','Médecin',4600.32),('AUBER_DEGROOTE_EGLANTINE_474451_-0598805_Médecin_371','ZONE_474495_-0587','AUBER_DEGROOTE_EGLANTINE_474451_-0598805','Médecin',8308.74),('AUBER_DEGROOTE_EGLANTINE_474451_-0598805_Médecin_376','ZONE_474495_-0601','AUBER_DEGROOTE_EGLANTINE_474451_-0598805','Médecin',816.587),('AUBER_DEGROOTE_EGLANTINE_474451_-0598805_Médecin_381','ZONE_474495_-0615','AUBER_DEGROOTE_EGLANTINE_474451_-0598805','Médecin',1823.38),('AUBER_DEGROOTE_EGLANTINE_474451_-0598805_Médecin_386','ZONE_474495_-0629','AUBER_DEGROOTE_EGLANTINE_474451_-0598805','Médecin',3350.59),('AUBER_DEGROOTE_EGLANTINE_474451_-0598805_Médecin_391','ZONE_474495_-0643','AUBER_DEGROOTE_EGLANTINE_474451_-0598805','Médecin',5057.86),('AUBER_DEGROOTE_EGLANTINE_474451_-0598805_Médecin_441','ZONE_474585_-0587','AUBER_DEGROOTE_EGLANTINE_474451_-0598805','Médecin',7938.07),('AUBER_DEGROOTE_EGLANTINE_474451_-0598805_Médecin_46','ZONE_474045_-0587','AUBER_DEGROOTE_EGLANTINE_474451_-0598805','Médecin',17385.4),('AUBER_DEGROOTE_EGLANTINE_474451_-0598805_Médecin_461','ZONE_474585_-0643','AUBER_DEGROOTE_EGLANTINE_474451_-0598805','Médecin',4792.62),('AUBER_DEGROOTE_EGLANTINE_474451_-0598805_Médecin_51','ZONE_474045_-0601','AUBER_DEGROOTE_EGLANTINE_474451_-0598805','Médecin',18071.3),('AUBER_DEGROOTE_EGLANTINE_474451_-0598805_Médecin_56','ZONE_474045_-0615','AUBER_DEGROOTE_EGLANTINE_474451_-0598805','Médecin',18827.5),('AUBER_DEGROOTE_EGLANTINE_474451_-0598805_Médecin_61','ZONE_474045_-0629','AUBER_DEGROOTE_EGLANTINE_474451_-0598805','Médecin',6468.47),('AUBER_DEGROOTE_EGLANTINE_474451_-0598805_Médecin_66','ZONE_474045_-0643','AUBER_DEGROOTE_EGLANTINE_474451_-0598805','Médecin',7907.45),('AUTONNE_ISABELLE_474461_-0559591_Médecin_106','ZONE_474135_-0559','AUTONNE_ISABELLE_474461_-0559591','Médecin',7577.01),('AUTONNE_ISABELLE_474461_-0559591_Médecin_161','ZONE_474225_-0559','AUTONNE_ISABELLE_474461_-0559591','Médecin',3448.06),('AUTONNE_ISABELLE_474461_-0559591_Médecin_231','ZONE_474315_-0559','AUTONNE_ISABELLE_474461_-0559591','Médecin',2059.91),('AUTONNE_ISABELLE_474461_-0559591_Médecin_301','ZONE_474405_-0559','AUTONNE_ISABELLE_474461_-0559591','Médecin',966.811),('AUTONNE_ISABELLE_474461_-0559591_Médecin_36','ZONE_474045_-0559','AUTONNE_ISABELLE_474461_-0559591','Médecin',9438.14),('AUTONNE_ISABELLE_474461_-0559591_Médecin_41','ZONE_474045_-0573','AUTONNE_ISABELLE_474461_-0559591','Médecin',10560.7),('AUTRET_SYLVIE_47462_-0541681_Médecin_426','ZONE_474585_-0545','AUTRET_SYLVIE_47462_-0541681','Médecin',830.383),('AVOT_CHRISTIAN_474543_-0527979_Médecin_421','ZONE_474585_-0531','AVOT_CHRISTIAN_474543_-0527979','Médecin',529.083),('BA_HALIMA_474674_-0593507_Médecin_446','ZONE_474585_-0601','BA_HALIMA_474674_-0593507','Médecin',1434.13),('BA_HALIMA_474674_-0593507_Médecin_451','ZONE_474585_-0615','BA_HALIMA_474674_-0593507','Médecin',3022.73),('BA_HALIMA_474674_-0593507_Médecin_456','ZONE_474585_-0629','BA_HALIMA_474674_-0593507','Médecin',3746.12),('BA_HALIMA_474674_-0593507_Médecin_515','ZONE_474675_-0601','BA_HALIMA_474674_-0593507','Médecin',1349.21),('BASTIEN_CORINNE_474502_-0557356_Médecin_361','ZONE_474495_-0559','BASTIEN_CORINNE_474502_-0557356','Médecin',1206.43),('BERNAND_VANESSA_474746_-0546655_Médecin_565','ZONE_474765_-0545','BERNAND_VANESSA_474746_-0546655','Médecin',221.434),('BIABIANY_LAURIE_474715_-0568097_Médecin_505','ZONE_474675_-0573','BIABIANY_LAURIE_474715_-0568097','Médecin',1740.27),('Bibliothèque_Annie-Fratellini_474724_-0530837_Bibliothèque_482','ZONE_474675_-0503','Bibliothèque_Annie-Fratellini_474724_-0530837','Bibliothèque',2621.89),('Bibliothèque_Annie-Fratellini_474724_-0530837_Bibliothèque_487','ZONE_474675_-0517','Bibliothèque_Annie-Fratellini_474724_-0530837','Bibliothèque',1711.73),('Bibliothèque_Annie-Fratellini_474724_-0530837_Bibliothèque_492','ZONE_474675_-0531','Bibliothèque_Annie-Fratellini_474724_-0530837','Bibliothèque',1024.63),('Bibliothèque_Annie-Fratellini_474724_-0530837_Bibliothèque_556','ZONE_474765_-0517','Bibliothèque_Annie-Fratellini_474724_-0530837','Bibliothèque',1201.86),('Bibliothèque_Annie-Fratellini_474724_-0530837_Bibliothèque_561','ZONE_474765_-0531','Bibliothèque_Annie-Fratellini_474724_-0530837','Bibliothèque',395.258),('Bibliothèque_Annie-Fratellini_474724_-0530837_Bibliothèque_566','ZONE_474765_-0545','Bibliothèque_Annie-Fratellini_474724_-0530837','Bibliothèque',1465.8),('Bibliothèque_Belle-Beille_474765_-0587596_Bibliothèque_572','ZONE_474765_-0587','Bibliothèque_Belle-Beille_474765_-0587596','Bibliothèque',110.781),('Bibliothèque_Belle-Beille_474765_-0587596_Bibliothèque_577','ZONE_474765_-0601','Bibliothèque_Belle-Beille_474765_-0587596','Bibliothèque',1218.05),('Bibliothèque_Belle-Beille_474765_-0587596_Bibliothèque_623','ZONE_474855_-0587','Bibliothèque_Belle-Beille_474765_-0587596','Bibliothèque',3484.25),('Bibliothèque_Belle-Beille_474765_-0587596_Bibliothèque_628','ZONE_474855_-0601','Bibliothèque_Belle-Beille_474765_-0587596','Bibliothèque',4375.36),('Bibliothèque_Belle-Beille_474765_-0587596_Bibliothèque_687','ZONE_474945_-0587','Bibliothèque_Belle-Beille_474765_-0587596','Bibliothèque',4465.25),('Bibliothèque_Belle-Beille_474765_-0587596_Bibliothèque_692','ZONE_474945_-0601','Bibliothèque_Belle-Beille_474765_-0587596','Bibliothèque',4573.39),('Bibliothèque_Belle-Beille_474765_-0587596_Bibliothèque_697','ZONE_474945_-0615','Bibliothèque_Belle-Beille_474765_-0587596','Bibliothèque',8673.67),('Bibliothèque_Belle-Beille_474765_-0587596_Bibliothèque_702','ZONE_474945_-0629','Bibliothèque_Belle-Beille_474765_-0587596','Bibliothèque',14809.7),('Bibliothèque_Belle-Beille_474765_-0587596_Bibliothèque_753','ZONE_475035_-0601','Bibliothèque_Belle-Beille_474765_-0587596','Bibliothèque',6010.77),('Bibliothèque_Belle-Beille_474765_-0587596_Bibliothèque_758','ZONE_475035_-0615','Bibliothèque_Belle-Beille_474765_-0587596','Bibliothèque',6487.54),('Bibliothèque_Belle-Beille_474765_-0587596_Bibliothèque_763','ZONE_475035_-0629','Bibliothèque_Belle-Beille_474765_-0587596','Bibliothèque',6022.12),('Bibliothèque_Belle-Beille_474765_-0587596_Bibliothèque_768','ZONE_475035_-0643','Bibliothèque_Belle-Beille_474765_-0587596','Bibliothèque',6665.72),('Bibliothèque_Belle-Beille_474765_-0587596_Bibliothèque_818','ZONE_475125_-0615','Bibliothèque_Belle-Beille_474765_-0587596','Bibliothèque',7511.03),('Bibliothèque_Belle-Beille_474765_-0587596_Bibliothèque_823','ZONE_475125_-0629','Bibliothèque_Belle-Beille_474765_-0587596','Bibliothèque',9464.74),('Bibliothèque_Belle-Beille_474765_-0587596_Bibliothèque_828','ZONE_475125_-0643','Bibliothèque_Belle-Beille_474765_-0587596','Bibliothèque',9464.74),('Bibliothèque_Belle-Beille_474765_-0587596_Bibliothèque_893','ZONE_475215_-0643','Bibliothèque_Belle-Beille_474765_-0587596','Bibliothèque',12243.7),('Bibliothèque_Belle-Beille_474765_-0587596_Bibliothèque_963','ZONE_475305_-0643','Bibliothèque_Belle-Beille_474765_-0587596','Bibliothèque',11836.8),('Bibliothèque_de_la_Roseraie_474458_-0562927_Bibliothèque_102','ZONE_474135_-0545','Bibliothèque_de_la_Roseraie_474458_-0562927','Bibliothèque',7128.46),('Bibliothèque_de_la_Roseraie_474458_-0562927_Bibliothèque_107','ZONE_474135_-0559','Bibliothèque_de_la_Roseraie_474458_-0562927','Bibliothèque',7931.96),('Bibliothèque_de_la_Roseraie_474458_-0562927_Bibliothèque_112','ZONE_474135_-0573','Bibliothèque_de_la_Roseraie_474458_-0562927','Bibliothèque',8712.17),('Bibliothèque_de_la_Roseraie_474458_-0562927_Bibliothèque_117','ZONE_474135_-0587','Bibliothèque_de_la_Roseraie_474458_-0562927','Bibliothèque',10694.9),('Bibliothèque_de_la_Roseraie_474458_-0562927_Bibliothèque_122','ZONE_474135_-0601','Bibliothèque_de_la_Roseraie_474458_-0562927','Bibliothèque',11285.4),('Bibliothèque_de_la_Roseraie_474458_-0562927_Bibliothèque_127','ZONE_474135_-0615','Bibliothèque_de_la_Roseraie_474458_-0562927','Bibliothèque',7050.44),('Bibliothèque_de_la_Roseraie_474458_-0562927_Bibliothèque_132','ZONE_474135_-0629','Bibliothèque_de_la_Roseraie_474458_-0562927','Bibliothèque',8279.9),('Bibliothèque_de_la_Roseraie_474458_-0562927_Bibliothèque_157','ZONE_474225_-0545','Bibliothèque_de_la_Roseraie_474458_-0562927','Bibliothèque',3983.93),('Bibliothèque_de_la_Roseraie_474458_-0562927_Bibliothèque_162','ZONE_474225_-0559','Bibliothèque_de_la_Roseraie_474458_-0562927','Bibliothèque',3355.39),('Bibliothèque_de_la_Roseraie_474458_-0562927_Bibliothèque_167','ZONE_474225_-0573','Bibliothèque_de_la_Roseraie_474458_-0562927','Bibliothèque',3852.62),('Bibliothèque_de_la_Roseraie_474458_-0562927_Bibliothèque_172','ZONE_474225_-0587','Bibliothèque_de_la_Roseraie_474458_-0562927','Bibliothèque',3850.64),('Bibliothèque_de_la_Roseraie_474458_-0562927_Bibliothèque_177','ZONE_474225_-0601','Bibliothèque_de_la_Roseraie_474458_-0562927','Bibliothèque',5023.27),('Bibliothèque_de_la_Roseraie_474458_-0562927_Bibliothèque_182','ZONE_474225_-0615','Bibliothèque_de_la_Roseraie_474458_-0562927','Bibliothèque',6474.84),('Bibliothèque_de_la_Roseraie_474458_-0562927_Bibliothèque_187','ZONE_474225_-0629','Bibliothèque_de_la_Roseraie_474458_-0562927','Bibliothèque',7476.04),('Bibliothèque_de_la_Roseraie_474458_-0562927_Bibliothèque_227','ZONE_474315_-0545','Bibliothèque_de_la_Roseraie_474458_-0562927','Bibliothèque',2989.99),('Bibliothèque_de_la_Roseraie_474458_-0562927_Bibliothèque_232','ZONE_474315_-0559','Bibliothèque_de_la_Roseraie_474458_-0562927','Bibliothèque',2024.74),('Bibliothèque_de_la_Roseraie_474458_-0562927_Bibliothèque_237','ZONE_474315_-0573','Bibliothèque_de_la_Roseraie_474458_-0562927','Bibliothèque',2217.13),('Bibliothèque_de_la_Roseraie_474458_-0562927_Bibliothèque_242','ZONE_474315_-0587','Bibliothèque_de_la_Roseraie_474458_-0562927','Bibliothèque',3228.22),('Bibliothèque_de_la_Roseraie_474458_-0562927_Bibliothèque_247','ZONE_474315_-0601','Bibliothèque_de_la_Roseraie_474458_-0562927','Bibliothèque',7901.38),('Bibliothèque_de_la_Roseraie_474458_-0562927_Bibliothèque_252','ZONE_474315_-0615','Bibliothèque_de_la_Roseraie_474458_-0562927','Bibliothèque',7242.45),('Bibliothèque_de_la_Roseraie_474458_-0562927_Bibliothèque_27','ZONE_474045_-0531','Bibliothèque_de_la_Roseraie_474458_-0562927','Bibliothèque',7278.47),('Bibliothèque_de_la_Roseraie_474458_-0562927_Bibliothèque_297','ZONE_474405_-0545','Bibliothèque_de_la_Roseraie_474458_-0562927','Bibliothèque',1937.86),('Bibliothèque_de_la_Roseraie_474458_-0562927_Bibliothèque_302','ZONE_474405_-0559','Bibliothèque_de_la_Roseraie_474458_-0562927','Bibliothèque',895.69),('Bibliothèque_de_la_Roseraie_474458_-0562927_Bibliothèque_307','ZONE_474405_-0573','Bibliothèque_de_la_Roseraie_474458_-0562927','Bibliothèque',1279.83),('Bibliothèque_de_la_Roseraie_474458_-0562927_Bibliothèque_312','ZONE_474405_-0587','Bibliothèque_de_la_Roseraie_474458_-0562927','Bibliothèque',2813.23),('Bibliothèque_de_la_Roseraie_474458_-0562927_Bibliothèque_32','ZONE_474045_-0545','Bibliothèque_de_la_Roseraie_474458_-0562927','Bibliothèque',8541.44),('Bibliothèque_de_la_Roseraie_474458_-0562927_Bibliothèque_357','ZONE_474495_-0545','Bibliothèque_de_la_Roseraie_474458_-0562927','Bibliothèque',1892.95),('Bibliothèque_de_la_Roseraie_474458_-0562927_Bibliothèque_362','ZONE_474495_-0559','Bibliothèque_de_la_Roseraie_474458_-0562927','Bibliothèque',844.422),('Bibliothèque_de_la_Roseraie_474458_-0562927_Bibliothèque_367','ZONE_474495_-0573','Bibliothèque_de_la_Roseraie_474458_-0562927','Bibliothèque',1104.59),('Bibliothèque_de_la_Roseraie_474458_-0562927_Bibliothèque_37','ZONE_474045_-0559','Bibliothèque_de_la_Roseraie_474458_-0562927','Bibliothèque',9793.09),('Bibliothèque_de_la_Roseraie_474458_-0562927_Bibliothèque_372','ZONE_474495_-0587','Bibliothèque_de_la_Roseraie_474458_-0562927','Bibliothèque',2531.36),('Bibliothèque_de_la_Roseraie_474458_-0562927_Bibliothèque_42','ZONE_474045_-0573','Bibliothèque_de_la_Roseraie_474458_-0562927','Bibliothèque',10915.6),('Bibliothèque_de_la_Roseraie_474458_-0562927_Bibliothèque_437','ZONE_474585_-0573','Bibliothèque_de_la_Roseraie_474458_-0562927','Bibliothèque',1969.05),('Bibliothèque_de_la_Roseraie_474458_-0562927_Bibliothèque_442','ZONE_474585_-0587','Bibliothèque_de_la_Roseraie_474458_-0562927','Bibliothèque',3378.26),('Bibliothèque_de_la_Roseraie_474458_-0562927_Bibliothèque_47','ZONE_474045_-0587','Bibliothèque_de_la_Roseraie_474458_-0562927','Bibliothèque',10986.3),('Bibliothèque_de_la_Roseraie_474458_-0562927_Bibliothèque_52','ZONE_474045_-0601','Bibliothèque_de_la_Roseraie_474458_-0562927','Bibliothèque',11672.2),('Bibliothèque_de_la_Roseraie_474458_-0562927_Bibliothèque_57','ZONE_474045_-0615','Bibliothèque_de_la_Roseraie_474458_-0562927','Bibliothèque',12428.3),('Bibliothèque_de_la_Roseraie_474458_-0562927_Bibliothèque_62','ZONE_474045_-0629','Bibliothèque_de_la_Roseraie_474458_-0562927','Bibliothèque',8590.9),('Bibliothèque_de_la_Roseraie_474458_-0562927_Bibliothèque_67','ZONE_474045_-0643','Bibliothèque_de_la_Roseraie_474458_-0562927','Bibliothèque',10029.9),('Bibliothèque_de_la_Roseraie_474458_-0562927_Bibliothèque_97','ZONE_474135_-0531','Bibliothèque_de_la_Roseraie_474458_-0562927','Bibliothèque',6128.93),('Bibliothèque_des_Justices_47453_-0525781_Bibliothèque_12','ZONE_474045_-0489','Bibliothèque_des_Justices_47453_-0525781','Bibliothèque',8854.21),('Bibliothèque_des_Justices_47453_-0525781_Bibliothèque_142','ZONE_474225_-0461','Bibliothèque_des_Justices_47453_-0525781','Bibliothèque',6136.43),('Bibliothèque_des_Justices_47453_-0525781_Bibliothèque_147','ZONE_474225_-0475','Bibliothèque_des_Justices_47453_-0525781','Bibliothèque',10159.1),('Bibliothèque_des_Justices_47453_-0525781_Bibliothèque_152','ZONE_474225_-0517','Bibliothèque_des_Justices_47453_-0525781','Bibliothèque',4084.63),('Bibliothèque_des_Justices_47453_-0525781_Bibliothèque_17','ZONE_474045_-0503','Bibliothèque_des_Justices_47453_-0525781','Bibliothèque',8222.25),('Bibliothèque_des_Justices_47453_-0525781_Bibliothèque_197','ZONE_474315_-0461','Bibliothèque_des_Justices_47453_-0525781','Bibliothèque',7393.44),('Bibliothèque_des_Justices_47453_-0525781_Bibliothèque_2','ZONE_474045_-0461','Bibliothèque_des_Justices_47453_-0525781','Bibliothèque',10894.4),('Bibliothèque_des_Justices_47453_-0525781_Bibliothèque_202','ZONE_474315_-0475','Bibliothèque_des_Justices_47453_-0525781','Bibliothèque',4523.4),('Bibliothèque_des_Justices_47453_-0525781_Bibliothèque_207','ZONE_474315_-0489','Bibliothèque_des_Justices_47453_-0525781','Bibliothèque',4277.6),('Bibliothèque_des_Justices_47453_-0525781_Bibliothèque_212','ZONE_474315_-0503','Bibliothèque_des_Justices_47453_-0525781','Bibliothèque',3972.32),('Bibliothèque_des_Justices_47453_-0525781_Bibliothèque_217','ZONE_474315_-0517','Bibliothèque_des_Justices_47453_-0525781','Bibliothèque',3284.11),('Bibliothèque_des_Justices_47453_-0525781_Bibliothèque_22','ZONE_474045_-0517','Bibliothèque_des_Justices_47453_-0525781','Bibliothèque',7027.58),('Bibliothèque_des_Justices_47453_-0525781_Bibliothèque_222','ZONE_474315_-0531','Bibliothèque_des_Justices_47453_-0525781','Bibliothèque',2985.58),('Bibliothèque_des_Justices_47453_-0525781_Bibliothèque_267','ZONE_474405_-0461','Bibliothèque_des_Justices_47453_-0525781','Bibliothèque',5715.11),('Bibliothèque_des_Justices_47453_-0525781_Bibliothèque_272','ZONE_474405_-0475','Bibliothèque_des_Justices_47453_-0525781','Bibliothèque',5082.31),('Bibliothèque_des_Justices_47453_-0525781_Bibliothèque_277','ZONE_474405_-0489','Bibliothèque_des_Justices_47453_-0525781','Bibliothèque',3172.94),('Bibliothèque_des_Justices_47453_-0525781_Bibliothèque_282','ZONE_474405_-0503','Bibliothèque_des_Justices_47453_-0525781','Bibliothèque',2765.25),('Bibliothèque_des_Justices_47453_-0525781_Bibliothèque_287','ZONE_474405_-0517','Bibliothèque_des_Justices_47453_-0525781','Bibliothèque',2309.62),('Bibliothèque_des_Justices_47453_-0525781_Bibliothèque_292','ZONE_474405_-0531','Bibliothèque_des_Justices_47453_-0525781','Bibliothèque',2098.18),('Bibliothèque_des_Justices_47453_-0525781_Bibliothèque_337','ZONE_474495_-0461','Bibliothèque_des_Justices_47453_-0525781','Bibliothèque',5811.04),('Bibliothèque_des_Justices_47453_-0525781_Bibliothèque_342','ZONE_474495_-0489','Bibliothèque_des_Justices_47453_-0525781','Bibliothèque',3054.91),('Bibliothèque_des_Justices_47453_-0525781_Bibliothèque_347','ZONE_474495_-0517','Bibliothèque_des_Justices_47453_-0525781','Bibliothèque',1285.64),('Bibliothèque_des_Justices_47453_-0525781_Bibliothèque_352','ZONE_474495_-0531','Bibliothèque_des_Justices_47453_-0525781','Bibliothèque',843.108),('Bibliothèque_des_Justices_47453_-0525781_Bibliothèque_397','ZONE_474585_-0461','Bibliothèque_des_Justices_47453_-0525781','Bibliothèque',5965.12),('Bibliothèque_des_Justices_47453_-0525781_Bibliothèque_402','ZONE_474585_-0475','Bibliothèque_des_Justices_47453_-0525781','Bibliothèque',5057.72),('Bibliothèque_des_Justices_47453_-0525781_Bibliothèque_407','ZONE_474585_-0489','Bibliothèque_des_Justices_47453_-0525781','Bibliothèque',4609.46),('Bibliothèque_des_Justices_47453_-0525781_Bibliothèque_412','ZONE_474585_-0503','Bibliothèque_des_Justices_47453_-0525781','Bibliothèque',2686.32),('Bibliothèque_des_Justices_47453_-0525781_Bibliothèque_417','ZONE_474585_-0517','Bibliothèque_des_Justices_47453_-0525781','Bibliothèque',1261.82),('Bibliothèque_des_Justices_47453_-0525781_Bibliothèque_422','ZONE_474585_-0531','Bibliothèque_des_Justices_47453_-0525781','Bibliothèque',771.249),('Bibliothèque_des_Justices_47453_-0525781_Bibliothèque_467','ZONE_474675_-0461','Bibliothèque_des_Justices_47453_-0525781','Bibliothèque',6570.56),('Bibliothèque_des_Justices_47453_-0525781_Bibliothèque_472','ZONE_474675_-0475','Bibliothèque_des_Justices_47453_-0525781','Bibliothèque',5213.96),('Bibliothèque_des_Justices_47453_-0525781_Bibliothèque_477','ZONE_474675_-0489','Bibliothèque_des_Justices_47453_-0525781','Bibliothèque',3887.39),('Bibliothèque_des_Justices_47453_-0525781_Bibliothèque_7','ZONE_474045_-0475','Bibliothèque_des_Justices_47453_-0525781','Bibliothèque',9912.34),('Bibliothèque_des_Justices_47453_-0525781_Bibliothèque_72','ZONE_474135_-0461','Bibliothèque_des_Justices_47453_-0525781','Bibliothèque',12388.6),('Bibliothèque_des_Justices_47453_-0525781_Bibliothèque_77','ZONE_474135_-0475','Bibliothèque_des_Justices_47453_-0525781','Bibliothèque',10159.1),('Bibliothèque_des_Justices_47453_-0525781_Bibliothèque_82','ZONE_474135_-0489','Bibliothèque_des_Justices_47453_-0525781','Bibliothèque',8387.77),('Bibliothèque_des_Justices_47453_-0525781_Bibliothèque_87','ZONE_474135_-0503','Bibliothèque_des_Justices_47453_-0525781','Bibliothèque',7157.67),('Bibliothèque_des_Justices_47453_-0525781_Bibliothèque_92','ZONE_474135_-0517','Bibliothèque_des_Justices_47453_-0525781','Bibliothèque',5240.82),('Bibliothèque_du_Lac-de-Maine_474682_-0597734_Bibliothèque_137','ZONE_474135_-0643','Bibliothèque_du_Lac-de-Maine_474682_-0597734','Bibliothèque',9852.29),('Bibliothèque_du_Lac-de-Maine_474682_-0597734_Bibliothèque_192','ZONE_474225_-0643','Bibliothèque_du_Lac-de-Maine_474682_-0597734','Bibliothèque',8778.24),('Bibliothèque_du_Lac-de-Maine_474682_-0597734_Bibliothèque_257','ZONE_474315_-0629','Bibliothèque_du_Lac-de-Maine_474682_-0597734','Bibliothèque',8914.96),('Bibliothèque_du_Lac-de-Maine_474682_-0597734_Bibliothèque_262','ZONE_474315_-0643','Bibliothèque_du_Lac-de-Maine_474682_-0597734','Bibliothèque',7502.72),('Bibliothèque_du_Lac-de-Maine_474682_-0597734_Bibliothèque_317','ZONE_474405_-0601','Bibliothèque_du_Lac-de-Maine_474682_-0597734','Bibliothèque',3636.69),('Bibliothèque_du_Lac-de-Maine_474682_-0597734_Bibliothèque_322','ZONE_474405_-0615','Bibliothèque_du_Lac-de-Maine_474682_-0597734','Bibliothèque',4500.11),('Bibliothèque_du_Lac-de-Maine_474682_-0597734_Bibliothèque_327','ZONE_474405_-0629','Bibliothèque_du_Lac-de-Maine_474682_-0597734','Bibliothèque',5749.08),('Bibliothèque_du_Lac-de-Maine_474682_-0597734_Bibliothèque_332','ZONE_474405_-0643','Bibliothèque_du_Lac-de-Maine_474682_-0597734','Bibliothèque',7272.48),('Bibliothèque_du_Lac-de-Maine_474682_-0597734_Bibliothèque_377','ZONE_474495_-0601','Bibliothèque_du_Lac-de-Maine_474682_-0597734','Bibliothèque',3130.6),('Bibliothèque_du_Lac-de-Maine_474682_-0597734_Bibliothèque_382','ZONE_474495_-0615','Bibliothèque_du_Lac-de-Maine_474682_-0597734','Bibliothèque',4003.33),('Bibliothèque_du_Lac-de-Maine_474682_-0597734_Bibliothèque_387','ZONE_474495_-0629','Bibliothèque_du_Lac-de-Maine_474682_-0597734','Bibliothèque',5646.7),('Bibliothèque_du_Lac-de-Maine_474682_-0597734_Bibliothèque_392','ZONE_474495_-0643','Bibliothèque_du_Lac-de-Maine_474682_-0597734','Bibliothèque',5680.31),('Bibliothèque_du_Lac-de-Maine_474682_-0597734_Bibliothèque_447','ZONE_474585_-0601','Bibliothèque_du_Lac-de-Maine_474682_-0597734','Bibliothèque',1521.19),('Bibliothèque_du_Lac-de-Maine_474682_-0597734_Bibliothèque_452','ZONE_474585_-0615','Bibliothèque_du_Lac-de-Maine_474682_-0597734','Bibliothèque',2728.92),('Bibliothèque_du_Lac-de-Maine_474682_-0597734_Bibliothèque_457','ZONE_474585_-0629','Bibliothèque_du_Lac-de-Maine_474682_-0597734','Bibliothèque',3452.31),('Bibliothèque_du_Lac-de-Maine_474682_-0597734_Bibliothèque_462','ZONE_474585_-0643','Bibliothèque_du_Lac-de-Maine_474682_-0597734','Bibliothèque',5118.32),('Bibliothèque_du_Lac-de-Maine_474682_-0597734_Bibliothèque_511','ZONE_474675_-0587','Bibliothèque_du_Lac-de-Maine_474682_-0597734','Bibliothèque',1725.38),('Bibliothèque_du_Lac-de-Maine_474682_-0597734_Bibliothèque_516','ZONE_474675_-0601','Bibliothèque_du_Lac-de-Maine_474682_-0597734','Bibliothèque',337.436),('Bibliothèque_du_Lac-de-Maine_474682_-0597734_Bibliothèque_521','ZONE_474675_-0615','Bibliothèque_du_Lac-de-Maine_474682_-0597734','Bibliothèque',3447.34),('Bibliothèque_du_Lac-de-Maine_474682_-0597734_Bibliothèque_526','ZONE_474675_-0629','Bibliothèque_du_Lac-de-Maine_474682_-0597734','Bibliothèque',3181.95),('Bibliothèque_du_Lac-de-Maine_474682_-0597734_Bibliothèque_531','ZONE_474675_-0643','Bibliothèque_du_Lac-de-Maine_474682_-0597734','Bibliothèque',6092.55),('Bibliothèque_du_Lac-de-Maine_474682_-0597734_Bibliothèque_582','ZONE_474765_-0615','Bibliothèque_du_Lac-de-Maine_474682_-0597734','Bibliothèque',2770.49),('Bibliothèque_du_Lac-de-Maine_474682_-0597734_Bibliothèque_587','ZONE_474765_-0643','Bibliothèque_du_Lac-de-Maine_474682_-0597734','Bibliothèque',4585.38),('Bibliothèque_du_Lac-de-Maine_474682_-0597734_Bibliothèque_633','ZONE_474855_-0615','Bibliothèque_du_Lac-de-Maine_474682_-0597734','Bibliothèque',3697.45),('Bibliothèque_du_Lac-de-Maine_474682_-0597734_Bibliothèque_638','ZONE_474855_-0629','Bibliothèque_du_Lac-de-Maine_474682_-0597734','Bibliothèque',4865.05),('Bibliothèque_du_Lac-de-Maine_474682_-0597734_Bibliothèque_643','ZONE_474855_-0643','Bibliothèque_du_Lac-de-Maine_474682_-0597734','Bibliothèque',5144.9),('Bibliothèque_du_Lac-de-Maine_474682_-0597734_Bibliothèque_707','ZONE_474945_-0643','Bibliothèque_du_Lac-de-Maine_474682_-0597734','Bibliothèque',6557.78),('Bibliothèque_Monplaisir_474872_-052467_Bibliothèque_536','ZONE_474765_-0461','Bibliothèque_Monplaisir_474872_-052467','Bibliothèque',5981.58),('Bibliothèque_Monplaisir_474872_-052467_Bibliothèque_541','ZONE_474765_-0475','Bibliothèque_Monplaisir_474872_-052467','Bibliothèque',5147.88),('Bibliothèque_Monplaisir_474872_-052467_Bibliothèque_546','ZONE_474765_-0489','Bibliothèque_Monplaisir_474872_-052467','Bibliothèque',4167.68),('Bibliothèque_Monplaisir_474872_-052467_Bibliothèque_551','ZONE_474765_-0503','Bibliothèque_Monplaisir_474872_-052467','Bibliothèque',2776.98),('Bibliothèque_Monplaisir_474872_-052467_Bibliothèque_592','ZONE_474855_-0461','Bibliothèque_Monplaisir_474872_-052467','Bibliothèque',6224.58),('Bibliothèque_Monplaisir_474872_-052467_Bibliothèque_597','ZONE_474855_-0475','Bibliothèque_Monplaisir_474872_-052467','Bibliothèque',4591.51),('Bibliothèque_Monplaisir_474872_-052467_Bibliothèque_602','ZONE_474855_-0489','Bibliothèque_Monplaisir_474872_-052467','Bibliothèque',3483.69),('Bibliothèque_Monplaisir_474872_-052467_Bibliothèque_607','ZONE_474855_-0503','Bibliothèque_Monplaisir_474872_-052467','Bibliothèque',2570.77),('Bibliothèque_Monplaisir_474872_-052467_Bibliothèque_609','ZONE_474855_-0531','Bibliothèque_Monplaisir_474872_-052467','Bibliothèque',603.244),('Bibliothèque_Monplaisir_474872_-052467_Bibliothèque_648','ZONE_474945_-0461','Bibliothèque_Monplaisir_474872_-052467','Bibliothèque',6224.58),('Bibliothèque_Monplaisir_474872_-052467_Bibliothèque_653','ZONE_474945_-0475','Bibliothèque_Monplaisir_474872_-052467','Bibliothèque',4737.14),('Bibliothèque_Monplaisir_474872_-052467_Bibliothèque_658','ZONE_474945_-0489','Bibliothèque_Monplaisir_474872_-052467','Bibliothèque',3792.92),('Bibliothèque_Monplaisir_474872_-052467_Bibliothèque_660','ZONE_474945_-0503','Bibliothèque_Monplaisir_474872_-052467','Bibliothèque',2893.97),('Bibliothèque_Monplaisir_474872_-052467_Bibliothèque_662','ZONE_474945_-0517','Bibliothèque_Monplaisir_474872_-052467','Bibliothèque',2971.06),('Bibliothèque_Monplaisir_474872_-052467_Bibliothèque_667','ZONE_474945_-0531','Bibliothèque_Monplaisir_474872_-052467','Bibliothèque',1779.73),('Bibliothèque_Monplaisir_474872_-052467_Bibliothèque_712','ZONE_475035_-0461','Bibliothèque_Monplaisir_474872_-052467','Bibliothèque',7516.28),('Bibliothèque_Monplaisir_474872_-052467_Bibliothèque_714','ZONE_475035_-0475','Bibliothèque_Monplaisir_474872_-052467','Bibliothèque',5475.3),('Bibliothèque_Monplaisir_474872_-052467_Bibliothèque_716','ZONE_475035_-0489','Bibliothèque_Monplaisir_474872_-052467','Bibliothèque',4674.48),('Bibliothèque_Monplaisir_474872_-052467_Bibliothèque_718','ZONE_475035_-0503','Bibliothèque_Monplaisir_474872_-052467','Bibliothèque',4607.45),('Bibliothèque_Monplaisir_474872_-052467_Bibliothèque_723','ZONE_475035_-0517','Bibliothèque_Monplaisir_474872_-052467','Bibliothèque',3190.47),('Bibliothèque_Monplaisir_474872_-052467_Bibliothèque_728','ZONE_475035_-0531','Bibliothèque_Monplaisir_474872_-052467','Bibliothèque',2150.99),('Bibliothèque_Monplaisir_474872_-052467_Bibliothèque_773','ZONE_475125_-0461','Bibliothèque_Monplaisir_474872_-052467','Bibliothèque',6286.48),('Bibliothèque_Monplaisir_474872_-052467_Bibliothèque_778','ZONE_475125_-0475','Bibliothèque_Monplaisir_474872_-052467','Bibliothèque',5793.3),('Bibliothèque_Monplaisir_474872_-052467_Bibliothèque_783','ZONE_475125_-0489','Bibliothèque_Monplaisir_474872_-052467','Bibliothèque',5621.26),('Bibliothèque_Monplaisir_474872_-052467_Bibliothèque_788','ZONE_475125_-0503','Bibliothèque_Monplaisir_474872_-052467','Bibliothèque',4942.16),('Bibliothèque_Monplaisir_474872_-052467_Bibliothèque_793','ZONE_475125_-0517','Bibliothèque_Monplaisir_474872_-052467','Bibliothèque',3922.26),('Bibliothèque_Monplaisir_474872_-052467_Bibliothèque_798','ZONE_475125_-0531','Bibliothèque_Monplaisir_474872_-052467','Bibliothèque',3205.69),('Bibliothèque_Monplaisir_474872_-052467_Bibliothèque_833','ZONE_475215_-0461','Bibliothèque_Monplaisir_474872_-052467','Bibliothèque',7453.77),('Bibliothèque_Monplaisir_474872_-052467_Bibliothèque_838','ZONE_475215_-0475','Bibliothèque_Monplaisir_474872_-052467','Bibliothèque',6907.45),('Bibliothèque_Monplaisir_474872_-052467_Bibliothèque_843','ZONE_475215_-0489','Bibliothèque_Monplaisir_474872_-052467','Bibliothèque',6953.33),('Bibliothèque_Monplaisir_474872_-052467_Bibliothèque_848','ZONE_475215_-0503','Bibliothèque_Monplaisir_474872_-052467','Bibliothèque',5901.04),('Bibliothèque_Monplaisir_474872_-052467_Bibliothèque_853','ZONE_475215_-0517','Bibliothèque_Monplaisir_474872_-052467','Bibliothèque',5004.31),('Bibliothèque_Monplaisir_474872_-052467_Bibliothèque_858','ZONE_475215_-0531','Bibliothèque_Monplaisir_474872_-052467','Bibliothèque',5920.36),('Bibliothèque_Monplaisir_474872_-052467_Bibliothèque_898','ZONE_475305_-0461','Bibliothèque_Monplaisir_474872_-052467','Bibliothèque',8366.67),('Bibliothèque_Monplaisir_474872_-052467_Bibliothèque_903','ZONE_475305_-0475','Bibliothèque_Monplaisir_474872_-052467','Bibliothèque',7801.81),('Bibliothèque_Monplaisir_474872_-052467_Bibliothèque_908','ZONE_475305_-0489','Bibliothèque_Monplaisir_474872_-052467','Bibliothèque',7762.97),('Bibliothèque_Monplaisir_474872_-052467_Bibliothèque_913','ZONE_475305_-0503','Bibliothèque_Monplaisir_474872_-052467','Bibliothèque',6521.24),('Bibliothèque_Monplaisir_474872_-052467_Bibliothèque_918','ZONE_475305_-0517','Bibliothèque_Monplaisir_474872_-052467','Bibliothèque',6174.24),('Bibliothèque_Monplaisir_474872_-052467_Bibliothèque_968','ZONE_475395_-0461','Bibliothèque_Monplaisir_474872_-052467','Bibliothèque',9962.86),('Bibliothèque_Monplaisir_474872_-052467_Bibliothèque_973','ZONE_475395_-0475','Bibliothèque_Monplaisir_474872_-052467','Bibliothèque',9665.16),('Bibliothèque_Monplaisir_474872_-052467_Bibliothèque_978','ZONE_475395_-0489','Bibliothèque_Monplaisir_474872_-052467','Bibliothèque',8634.45),('Bibliothèque_Monplaisir_474872_-052467_Bibliothèque_983','ZONE_475395_-0503','Bibliothèque_Monplaisir_474872_-052467','Bibliothèque',6849.43),('Bibliothèque_Monplaisir_474872_-052467_Bibliothèque_988','ZONE_475395_-0517','Bibliothèque_Monplaisir_474872_-052467','Bibliothèque',7209.16),('Bibliothèque_Nelson-Mandela_474933_-0559851_Bibliothèque_1003','ZONE_475395_-0559','Bibliothèque_Nelson-Mandela_474933_-0559851','Bibliothèque',5845.87),('Bibliothèque_Nelson-Mandela_474933_-0559851_Bibliothèque_1008','ZONE_475395_-0573','Bibliothèque_Nelson-Mandela_474933_-0559851','Bibliothèque',6304.22),('Bibliothèque_Nelson-Mandela_474933_-0559851_Bibliothèque_1013','ZONE_475395_-0587','Bibliothèque_Nelson-Mandela_474933_-0559851','Bibliothèque',6799.48),('Bibliothèque_Nelson-Mandela_474933_-0559851_Bibliothèque_1018','ZONE_475395_-0601','Bibliothèque_Nelson-Mandela_474933_-0559851','Bibliothèque',8438.81),('Bibliothèque_Nelson-Mandela_474933_-0559851_Bibliothèque_1023','ZONE_475395_-0615','Bibliothèque_Nelson-Mandela_474933_-0559851','Bibliothèque',8010.21),('Bibliothèque_Nelson-Mandela_474933_-0559851_Bibliothèque_1028','ZONE_475395_-0629','Bibliothèque_Nelson-Mandela_474933_-0559851','Bibliothèque',8551.52),('Bibliothèque_Nelson-Mandela_474933_-0559851_Bibliothèque_1033','ZONE_475395_-0643','Bibliothèque_Nelson-Mandela_474933_-0559851','Bibliothèque',8710.84),('Bibliothèque_Nelson-Mandela_474933_-0559851_Bibliothèque_611','ZONE_474855_-0545','Bibliothèque_Nelson-Mandela_474933_-0559851','Bibliothèque',2014.47),('Bibliothèque_Nelson-Mandela_474933_-0559851_Bibliothèque_613','ZONE_474855_-0559','Bibliothèque_Nelson-Mandela_474933_-0559851','Bibliothèque',1454.71),('Bibliothèque_Nelson-Mandela_474933_-0559851_Bibliothèque_618','ZONE_474855_-0573','Bibliothèque_Nelson-Mandela_474933_-0559851','Bibliothèque',1686.89),('Bibliothèque_Nelson-Mandela_474933_-0559851_Bibliothèque_672','ZONE_474945_-0545','Bibliothèque_Nelson-Mandela_474933_-0559851','Bibliothèque',1260.95),('Bibliothèque_Nelson-Mandela_474933_-0559851_Bibliothèque_677','ZONE_474945_-0559','Bibliothèque_Nelson-Mandela_474933_-0559851','Bibliothèque',268.903),('Bibliothèque_Nelson-Mandela_474933_-0559851_Bibliothèque_682','ZONE_474945_-0573','Bibliothèque_Nelson-Mandela_474933_-0559851','Bibliothèque',1243.26),('Bibliothèque_Nelson-Mandela_474933_-0559851_Bibliothèque_733','ZONE_475035_-0545','Bibliothèque_Nelson-Mandela_474933_-0559851','Bibliothèque',911.996),('Bibliothèque_Nelson-Mandela_474933_-0559851_Bibliothèque_738','ZONE_475035_-0559','Bibliothèque_Nelson-Mandela_474933_-0559851','Bibliothèque',2033.54),('Bibliothèque_Nelson-Mandela_474933_-0559851_Bibliothèque_743','ZONE_475035_-0573','Bibliothèque_Nelson-Mandela_474933_-0559851','Bibliothèque',2428.48),('Bibliothèque_Nelson-Mandela_474933_-0559851_Bibliothèque_748','ZONE_475035_-0587','Bibliothèque_Nelson-Mandela_474933_-0559851','Bibliothèque',2883.74),('Bibliothèque_Nelson-Mandela_474933_-0559851_Bibliothèque_803','ZONE_475125_-0545','Bibliothèque_Nelson-Mandela_474933_-0559851','Bibliothèque',1497.08),('Bibliothèque_Nelson-Mandela_474933_-0559851_Bibliothèque_808','ZONE_475125_-0587','Bibliothèque_Nelson-Mandela_474933_-0559851','Bibliothèque',4079.9),('Bibliothèque_Nelson-Mandela_474933_-0559851_Bibliothèque_813','ZONE_475125_-0601','Bibliothèque_Nelson-Mandela_474933_-0559851','Bibliothèque',4573.07),('Bibliothèque_Nelson-Mandela_474933_-0559851_Bibliothèque_863','ZONE_475215_-0545','Bibliothèque_Nelson-Mandela_474933_-0559851','Bibliothèque',8182.62),('Bibliothèque_Nelson-Mandela_474933_-0559851_Bibliothèque_868','ZONE_475215_-0559','Bibliothèque_Nelson-Mandela_474933_-0559851','Bibliothèque',5388.6),('Bibliothèque_Nelson-Mandela_474933_-0559851_Bibliothèque_873','ZONE_475215_-0573','Bibliothèque_Nelson-Mandela_474933_-0559851','Bibliothèque',3893.83),('Bibliothèque_Nelson-Mandela_474933_-0559851_Bibliothèque_878','ZONE_475215_-0587','Bibliothèque_Nelson-Mandela_474933_-0559851','Bibliothèque',5377.91),('Bibliothèque_Nelson-Mandela_474933_-0559851_Bibliothèque_883','ZONE_475215_-0601','Bibliothèque_Nelson-Mandela_474933_-0559851','Bibliothèque',5650.47),('Bibliothèque_Nelson-Mandela_474933_-0559851_Bibliothèque_888','ZONE_475215_-0615','Bibliothèque_Nelson-Mandela_474933_-0559851','Bibliothèque',6101.87),('Bibliothèque_Nelson-Mandela_474933_-0559851_Bibliothèque_923','ZONE_475305_-0531','Bibliothèque_Nelson-Mandela_474933_-0559851','Bibliothèque',8102.34),('Bibliothèque_Nelson-Mandela_474933_-0559851_Bibliothèque_928','ZONE_475305_-0545','Bibliothèque_Nelson-Mandela_474933_-0559851','Bibliothèque',5905.93),('Bibliothèque_Nelson-Mandela_474933_-0559851_Bibliothèque_933','ZONE_475305_-0559','Bibliothèque_Nelson-Mandela_474933_-0559851','Bibliothèque',5751.93),('Bibliothèque_Nelson-Mandela_474933_-0559851_Bibliothèque_938','ZONE_475305_-0573','Bibliothèque_Nelson-Mandela_474933_-0559851','Bibliothèque',5247.54),('Bibliothèque_Nelson-Mandela_474933_-0559851_Bibliothèque_943','ZONE_475305_-0587','Bibliothèque_Nelson-Mandela_474933_-0559851','Bibliothèque',5545.79),('Bibliothèque_Nelson-Mandela_474933_-0559851_Bibliothèque_948','ZONE_475305_-0601','Bibliothèque_Nelson-Mandela_474933_-0559851','Bibliothèque',6555.3),('Bibliothèque_Nelson-Mandela_474933_-0559851_Bibliothèque_953','ZONE_475305_-0615','Bibliothèque_Nelson-Mandela_474933_-0559851','Bibliothèque',7345.03),('Bibliothèque_Nelson-Mandela_474933_-0559851_Bibliothèque_958','ZONE_475305_-0629','Bibliothèque_Nelson-Mandela_474933_-0559851','Bibliothèque',7441.15),('Bibliothèque_Nelson-Mandela_474933_-0559851_Bibliothèque_993','ZONE_475395_-0531','Bibliothèque_Nelson-Mandela_474933_-0559851','Bibliothèque',8670.4),('Bibliothèque_Nelson-Mandela_474933_-0559851_Bibliothèque_998','ZONE_475395_-0545','Bibliothèque_Nelson-Mandela_474933_-0559851','Bibliothèque',5905.93),('Bibliothèque_Saint-Nicolas_474747_-0563488_Bibliothèque_568','ZONE_474765_-0559','Bibliothèque_Saint-Nicolas_474747_-0563488','Bibliothèque',615.098),('Bibliothèque_Saint-Nicolas_474747_-0563488_Bibliothèque_570','ZONE_474765_-0573','Bibliothèque_Saint-Nicolas_474747_-0563488','Bibliothèque',1134.61),('BIDAULT_DORIAN_474791_-0559921_Médecin_567','ZONE_474765_-0559','BIDAULT_DORIAN_474791_-0559921','Médecin',753.362),('BIDAULT_DORIAN_474791_-0559921_Médecin_612','ZONE_474855_-0559','BIDAULT_DORIAN_474791_-0559921','Médecin',2199.16),('BLOUIN_CHRISTINE_47447_-0544122_Médecin_356','ZONE_474495_-0545','BLOUIN_CHRISTINE_47447_-0544122','Médecin',479.951),('BOU_ACHOUR_THOMAS_474834_-0526708_Médecin_606','ZONE_474855_-0503','BOU_ACHOUR_THOMAS_474834_-0526708','Médecin',2283.17),('BOURDIEU_NOURRY_SYLVIE_47452_-0524815_Médecin_416','ZONE_474585_-0517','BOURDIEU_NOURRY_SYLVIE_47452_-0524815','Médecin',1328.44),('CATHERINE_MARYSE_47487_-0527295_Médecin_608','ZONE_474855_-0531','CATHERINE_MARYSE_47487_-0527295','Médecin',659.586),('CATHERINE_MARYSE_47487_-0527295_Médecin_659','ZONE_474945_-0503','CATHERINE_MARYSE_47487_-0527295','Médecin',2826.33),('CATHERINE_MARYSE_47487_-0527295_Médecin_661','ZONE_474945_-0517','CATHERINE_MARYSE_47487_-0527295','Médecin',2555.06),('CATHERINE_MARYSE_47487_-0527295_Médecin_666','ZONE_474945_-0531','CATHERINE_MARYSE_47487_-0527295','Médecin',1158.98),('CATHERINE_MARYSE_47487_-0527295_Médecin_717','ZONE_475035_-0503','CATHERINE_MARYSE_47487_-0527295','Médecin',3899.49),('CATHERINE_MARYSE_47487_-0527295_Médecin_722','ZONE_475035_-0517','CATHERINE_MARYSE_47487_-0527295','Médecin',2267.56),('CATHERINE_MARYSE_47487_-0527295_Médecin_727','ZONE_475035_-0531','CATHERINE_MARYSE_47487_-0527295','Médecin',1530.24),('CATHERINE_MARYSE_47487_-0527295_Médecin_797','ZONE_475125_-0531','CATHERINE_MARYSE_47487_-0527295','Médecin',2584.94),('Centre_de_consultations_Saint-Léonard_474528_-0526985_Santé_353','ZONE_474495_-0531','Centre_de_consultations_Saint-Léonard_474528_-0526985','Santé',907.276),('Centre_de_consultations_Saint-Léonard_474528_-0526985_Santé_423','ZONE_474585_-0531','Centre_de_consultations_Saint-Léonard_474528_-0526985','Santé',780.073),('Centre_de_Secours_Principal_Angers_Académie_474681_-0559022_Pompiers_1000','ZONE_475395_-0545','Centre_de_Secours_Principal_Angers_Académie_474681_-0559022','Pompiers',9006.06),('Centre_de_Secours_Principal_Angers_Académie_474681_-0559022_Pompiers_1005','ZONE_475395_-0559','Centre_de_Secours_Principal_Angers_Académie_474681_-0559022','Pompiers',8946),('Centre_de_Secours_Principal_Angers_Académie_474681_-0559022_Pompiers_104','ZONE_474135_-0545','Centre_de_Secours_Principal_Angers_Académie_474681_-0559022','Pompiers',8332.93),('Centre_de_Secours_Principal_Angers_Académie_474681_-0559022_Pompiers_109','ZONE_474135_-0559','Centre_de_Secours_Principal_Angers_Académie_474681_-0559022','Pompiers',9136.43),('Centre_de_Secours_Principal_Angers_Académie_474681_-0559022_Pompiers_114','ZONE_474135_-0573','Centre_de_Secours_Principal_Angers_Académie_474681_-0559022','Pompiers',9916.64),('Centre_de_Secours_Principal_Angers_Académie_474681_-0559022_Pompiers_119','ZONE_474135_-0587','Centre_de_Secours_Principal_Angers_Académie_474681_-0559022','Pompiers',11899.3),('Centre_de_Secours_Principal_Angers_Académie_474681_-0559022_Pompiers_124','ZONE_474135_-0601','Centre_de_Secours_Principal_Angers_Académie_474681_-0559022','Pompiers',12489.9),('Centre_de_Secours_Principal_Angers_Académie_474681_-0559022_Pompiers_159','ZONE_474225_-0545','Centre_de_Secours_Principal_Angers_Académie_474681_-0559022','Pompiers',6330.18),('Centre_de_Secours_Principal_Angers_Académie_474681_-0559022_Pompiers_164','ZONE_474225_-0559','Centre_de_Secours_Principal_Angers_Académie_474681_-0559022','Pompiers',5907.44),('Centre_de_Secours_Principal_Angers_Académie_474681_-0559022_Pompiers_169','ZONE_474225_-0573','Centre_de_Secours_Principal_Angers_Académie_474681_-0559022','Pompiers',6491.57),('Centre_de_Secours_Principal_Angers_Académie_474681_-0559022_Pompiers_174','ZONE_474225_-0587','Centre_de_Secours_Principal_Angers_Académie_474681_-0559022','Pompiers',6240.63),('Centre_de_Secours_Principal_Angers_Académie_474681_-0559022_Pompiers_224','ZONE_474315_-0531','Centre_de_Secours_Principal_Angers_Académie_474681_-0559022','Pompiers',5213.96),('Centre_de_Secours_Principal_Angers_Académie_474681_-0559022_Pompiers_229','ZONE_474315_-0545','Centre_de_Secours_Principal_Angers_Académie_474681_-0559022','Pompiers',5478.48),('Centre_de_Secours_Principal_Angers_Académie_474681_-0559022_Pompiers_234','ZONE_474315_-0559','Centre_de_Secours_Principal_Angers_Académie_474681_-0559022','Pompiers',4519.3),('Centre_de_Secours_Principal_Angers_Académie_474681_-0559022_Pompiers_239','ZONE_474315_-0573','Centre_de_Secours_Principal_Angers_Académie_474681_-0559022','Pompiers',4856.07),('Centre_de_Secours_Principal_Angers_Académie_474681_-0559022_Pompiers_244','ZONE_474315_-0587','Centre_de_Secours_Principal_Angers_Académie_474681_-0559022','Pompiers',4973.39),('Centre_de_Secours_Principal_Angers_Académie_474681_-0559022_Pompiers_29','ZONE_474045_-0531','Centre_de_Secours_Principal_Angers_Académie_474681_-0559022','Pompiers',8482.95),('Centre_de_Secours_Principal_Angers_Académie_474681_-0559022_Pompiers_294','ZONE_474405_-0531','Centre_de_Secours_Principal_Angers_Académie_474681_-0559022','Pompiers',4885.56),('Centre_de_Secours_Principal_Angers_Académie_474681_-0559022_Pompiers_299','ZONE_474405_-0545','Centre_de_Secours_Principal_Angers_Académie_474681_-0559022','Pompiers',3708.47),('Centre_de_Secours_Principal_Angers_Académie_474681_-0559022_Pompiers_304','ZONE_474405_-0559','Centre_de_Secours_Principal_Angers_Académie_474681_-0559022','Pompiers',4169.28),('Centre_de_Secours_Principal_Angers_Académie_474681_-0559022_Pompiers_309','ZONE_474405_-0573','Centre_de_Secours_Principal_Angers_Académie_474681_-0559022','Pompiers',3669.82),('Centre_de_Secours_Principal_Angers_Académie_474681_-0559022_Pompiers_314','ZONE_474405_-0587','Centre_de_Secours_Principal_Angers_Académie_474681_-0559022','Pompiers',4145.04),('Centre_de_Secours_Principal_Angers_Académie_474681_-0559022_Pompiers_34','ZONE_474045_-0545','Centre_de_Secours_Principal_Angers_Académie_474681_-0559022','Pompiers',9745.92),('Centre_de_Secours_Principal_Angers_Académie_474681_-0559022_Pompiers_359','ZONE_474495_-0545','Centre_de_Secours_Principal_Angers_Académie_474681_-0559022','Pompiers',2839.51),('Centre_de_Secours_Principal_Angers_Académie_474681_-0559022_Pompiers_364','ZONE_474495_-0559','Centre_de_Secours_Principal_Angers_Académie_474681_-0559022','Pompiers',3031.35),('Centre_de_Secours_Principal_Angers_Académie_474681_-0559022_Pompiers_369','ZONE_474495_-0573','Centre_de_Secours_Principal_Angers_Académie_474681_-0559022','Pompiers',2792.28),('Centre_de_Secours_Principal_Angers_Académie_474681_-0559022_Pompiers_374','ZONE_474495_-0587','Centre_de_Secours_Principal_Angers_Académie_474681_-0559022','Pompiers',3523.6),('Centre_de_Secours_Principal_Angers_Académie_474681_-0559022_Pompiers_39','ZONE_474045_-0559','Centre_de_Secours_Principal_Angers_Académie_474681_-0559022','Pompiers',10997.6),('Centre_de_Secours_Principal_Angers_Académie_474681_-0559022_Pompiers_429','ZONE_474585_-0545','Centre_de_Secours_Principal_Angers_Académie_474681_-0559022','Pompiers',1776.12),('Centre_de_Secours_Principal_Angers_Académie_474681_-0559022_Pompiers_434','ZONE_474585_-0559','Centre_de_Secours_Principal_Angers_Académie_474681_-0559022','Pompiers',1435.13),('Centre_de_Secours_Principal_Angers_Académie_474681_-0559022_Pompiers_439','ZONE_474585_-0573','Centre_de_Secours_Principal_Angers_Académie_474681_-0559022','Pompiers',2102.21),('Centre_de_Secours_Principal_Angers_Académie_474681_-0559022_Pompiers_44','ZONE_474045_-0573','Centre_de_Secours_Principal_Angers_Académie_474681_-0559022','Pompiers',12120.1),('Centre_de_Secours_Principal_Angers_Académie_474681_-0559022_Pompiers_444','ZONE_474585_-0587','Centre_de_Secours_Principal_Angers_Académie_474681_-0559022','Pompiers',3152.92),('Centre_de_Secours_Principal_Angers_Académie_474681_-0559022_Pompiers_49','ZONE_474045_-0587','Centre_de_Secours_Principal_Angers_Académie_474681_-0559022','Pompiers',12190.7),('Centre_de_Secours_Principal_Angers_Académie_474681_-0559022_Pompiers_499','ZONE_474675_-0545','Centre_de_Secours_Principal_Angers_Académie_474681_-0559022','Pompiers',1538.86),('Centre_de_Secours_Principal_Angers_Académie_474681_-0559022_Pompiers_503','ZONE_474675_-0559','Centre_de_Secours_Principal_Angers_Académie_474681_-0559022','Pompiers',42.2681),('Centre_de_Secours_Principal_Angers_Académie_474681_-0559022_Pompiers_508','ZONE_474675_-0573','Centre_de_Secours_Principal_Angers_Académie_474681_-0559022','Pompiers',1483.57),('Centre_de_Secours_Principal_Angers_Académie_474681_-0559022_Pompiers_513','ZONE_474675_-0587','Centre_de_Secours_Principal_Angers_Académie_474681_-0559022','Pompiers',3002.63),('Centre_de_Secours_Principal_Angers_Académie_474681_-0559022_Pompiers_54','ZONE_474045_-0601','Centre_de_Secours_Principal_Angers_Académie_474681_-0559022','Pompiers',12876.6),('Centre_de_Secours_Principal_Angers_Académie_474681_-0559022_Pompiers_615','ZONE_474855_-0559','Centre_de_Secours_Principal_Angers_Académie_474681_-0559022','Pompiers',2993.85),('Centre_de_Secours_Principal_Angers_Académie_474681_-0559022_Pompiers_620','ZONE_474855_-0573','Centre_de_Secours_Principal_Angers_Académie_474681_-0559022','Pompiers',2898.82),('Centre_de_Secours_Principal_Angers_Académie_474681_-0559022_Pompiers_674','ZONE_474945_-0545','Centre_de_Secours_Principal_Angers_Académie_474681_-0559022','Pompiers',3472.73),('Centre_de_Secours_Principal_Angers_Académie_474681_-0559022_Pompiers_679','ZONE_474945_-0559','Centre_de_Secours_Principal_Angers_Académie_474681_-0559022','Pompiers',3902.55),('Centre_de_Secours_Principal_Angers_Académie_474681_-0559022_Pompiers_684','ZONE_474945_-0573','Centre_de_Secours_Principal_Angers_Académie_474681_-0559022','Pompiers',4006.05),('Centre_de_Secours_Principal_Angers_Académie_474681_-0559022_Pompiers_735','ZONE_475035_-0545','Centre_de_Secours_Principal_Angers_Académie_474681_-0559022','Pompiers',3900.69),('Centre_de_Secours_Principal_Angers_Académie_474681_-0559022_Pompiers_740','ZONE_475035_-0559','Centre_de_Secours_Principal_Angers_Académie_474681_-0559022','Pompiers',5262.62),('Centre_de_Secours_Principal_Angers_Académie_474681_-0559022_Pompiers_745','ZONE_475035_-0573','Centre_de_Secours_Principal_Angers_Académie_474681_-0559022','Pompiers',5528.62),('Centre_de_Secours_Principal_Angers_Académie_474681_-0559022_Pompiers_805','ZONE_475125_-0545','Centre_de_Secours_Principal_Angers_Académie_474681_-0559022','Pompiers',4789.81),('Centre_de_Secours_Principal_Angers_Académie_474681_-0559022_Pompiers_870','ZONE_475215_-0559','Centre_de_Secours_Principal_Angers_Académie_474681_-0559022','Pompiers',8488.74),('Centre_de_Secours_Principal_Angers_Académie_474681_-0559022_Pompiers_875','ZONE_475215_-0573','Centre_de_Secours_Principal_Angers_Académie_474681_-0559022','Pompiers',6993.96),('Centre_de_Secours_Principal_Angers_Académie_474681_-0559022_Pompiers_930','ZONE_475305_-0545','Centre_de_Secours_Principal_Angers_Académie_474681_-0559022','Pompiers',9006.06),('Centre_de_Secours_Principal_Angers_Académie_474681_-0559022_Pompiers_935','ZONE_475305_-0559','Centre_de_Secours_Principal_Angers_Académie_474681_-0559022','Pompiers',8852.06),('Centre_de_Secours_Principal_Angers_Académie_474681_-0559022_Pompiers_940','ZONE_475305_-0573','Centre_de_Secours_Principal_Angers_Académie_474681_-0559022','Pompiers',8347.67),('Centre_de_Secours_Principal_Angers_Académie_474681_-0559022_Pompiers_99','ZONE_474135_-0531','Centre_de_Secours_Principal_Angers_Académie_474681_-0559022','Pompiers',7333.41),('Centre_de_Secours_Principal_Angers_Chêne_Vert_474714_-0511778_Pompiers_14','ZONE_474045_-0489','Centre_de_Secours_Principal_Angers_Chêne_Vert_474714_-0511778','Pompiers',12914.2),('Centre_de_Secours_Principal_Angers_Chêne_Vert_474714_-0511778_Pompiers_144','ZONE_474225_-0461','Centre_de_Secours_Principal_Angers_Chêne_Vert_474714_-0511778','Pompiers',8630.11),('Centre_de_Secours_Principal_Angers_Chêne_Vert_474714_-0511778_Pompiers_149','ZONE_474225_-0475','Centre_de_Secours_Principal_Angers_Chêne_Vert_474714_-0511778','Pompiers',14855.8),('Centre_de_Secours_Principal_Angers_Chêne_Vert_474714_-0511778_Pompiers_154','ZONE_474225_-0517','Centre_de_Secours_Principal_Angers_Chêne_Vert_474714_-0511778','Pompiers',9598.5),('Centre_de_Secours_Principal_Angers_Chêne_Vert_474714_-0511778_Pompiers_19','ZONE_474045_-0503','Centre_de_Secours_Principal_Angers_Chêne_Vert_474714_-0511778','Pompiers',12282.2),('Centre_de_Secours_Principal_Angers_Chêne_Vert_474714_-0511778_Pompiers_199','ZONE_474315_-0461','Centre_de_Secours_Principal_Angers_Chêne_Vert_474714_-0511778','Pompiers',9887.12),('Centre_de_Secours_Principal_Angers_Chêne_Vert_474714_-0511778_Pompiers_204','ZONE_474315_-0475','Centre_de_Secours_Principal_Angers_Chêne_Vert_474714_-0511778','Pompiers',7017.08),('Centre_de_Secours_Principal_Angers_Chêne_Vert_474714_-0511778_Pompiers_209','ZONE_474315_-0489','Centre_de_Secours_Principal_Angers_Chêne_Vert_474714_-0511778','Pompiers',7170.28),('Centre_de_Secours_Principal_Angers_Chêne_Vert_474714_-0511778_Pompiers_214','ZONE_474315_-0503','Centre_de_Secours_Principal_Angers_Chêne_Vert_474714_-0511778','Pompiers',7646.61),('Centre_de_Secours_Principal_Angers_Chêne_Vert_474714_-0511778_Pompiers_219','ZONE_474315_-0517','Centre_de_Secours_Principal_Angers_Chêne_Vert_474714_-0511778','Pompiers',8067.8),('Centre_de_Secours_Principal_Angers_Chêne_Vert_474714_-0511778_Pompiers_24','ZONE_474045_-0517','Centre_de_Secours_Principal_Angers_Chêne_Vert_474714_-0511778','Pompiers',11889.5),('Centre_de_Secours_Principal_Angers_Chêne_Vert_474714_-0511778_Pompiers_269','ZONE_474405_-0461','Centre_de_Secours_Principal_Angers_Chêne_Vert_474714_-0511778','Pompiers',6511.17),('Centre_de_Secours_Principal_Angers_Chêne_Vert_474714_-0511778_Pompiers_274','ZONE_474405_-0475','Centre_de_Secours_Principal_Angers_Chêne_Vert_474714_-0511778','Pompiers',6501.71),('Centre_de_Secours_Principal_Angers_Chêne_Vert_474714_-0511778_Pompiers_279','ZONE_474405_-0489','Centre_de_Secours_Principal_Angers_Chêne_Vert_474714_-0511778','Pompiers',5923.93),('Centre_de_Secours_Principal_Angers_Chêne_Vert_474714_-0511778_Pompiers_284','ZONE_474405_-0503','Centre_de_Secours_Principal_Angers_Chêne_Vert_474714_-0511778','Pompiers',6636.94),('Centre_de_Secours_Principal_Angers_Chêne_Vert_474714_-0511778_Pompiers_289','ZONE_474405_-0517','Centre_de_Secours_Principal_Angers_Chêne_Vert_474714_-0511778','Pompiers',7809.62),('Centre_de_Secours_Principal_Angers_Chêne_Vert_474714_-0511778_Pompiers_339','ZONE_474495_-0461','Centre_de_Secours_Principal_Angers_Chêne_Vert_474714_-0511778','Pompiers',5874.26),('Centre_de_Secours_Principal_Angers_Chêne_Vert_474714_-0511778_Pompiers_344','ZONE_474495_-0489','Centre_de_Secours_Principal_Angers_Chêne_Vert_474714_-0511778','Pompiers',5077.85),('Centre_de_Secours_Principal_Angers_Chêne_Vert_474714_-0511778_Pompiers_349','ZONE_474495_-0517','Centre_de_Secours_Principal_Angers_Chêne_Vert_474714_-0511778','Pompiers',6674.98),('Centre_de_Secours_Principal_Angers_Chêne_Vert_474714_-0511778_Pompiers_354','ZONE_474495_-0531','Centre_de_Secours_Principal_Angers_Chêne_Vert_474714_-0511778','Pompiers',6290.11),('Centre_de_Secours_Principal_Angers_Chêne_Vert_474714_-0511778_Pompiers_399','ZONE_474585_-0461','Centre_de_Secours_Principal_Angers_Chêne_Vert_474714_-0511778','Pompiers',5073.08),('Centre_de_Secours_Principal_Angers_Chêne_Vert_474714_-0511778_Pompiers_4','ZONE_474045_-0461','Centre_de_Secours_Principal_Angers_Chêne_Vert_474714_-0511778','Pompiers',15423.8),('Centre_de_Secours_Principal_Angers_Chêne_Vert_474714_-0511778_Pompiers_404','ZONE_474585_-0475','Centre_de_Secours_Principal_Angers_Chêne_Vert_474714_-0511778','Pompiers',4165.68),('Centre_de_Secours_Principal_Angers_Chêne_Vert_474714_-0511778_Pompiers_409','ZONE_474585_-0489','Centre_de_Secours_Principal_Angers_Chêne_Vert_474714_-0511778','Pompiers',4519.13),('Centre_de_Secours_Principal_Angers_Chêne_Vert_474714_-0511778_Pompiers_414','ZONE_474585_-0503','Centre_de_Secours_Principal_Angers_Chêne_Vert_474714_-0511778','Pompiers',3482.23),('Centre_de_Secours_Principal_Angers_Chêne_Vert_474714_-0511778_Pompiers_419','ZONE_474585_-0517','Centre_de_Secours_Principal_Angers_Chêne_Vert_474714_-0511778','Pompiers',4640.61),('Centre_de_Secours_Principal_Angers_Chêne_Vert_474714_-0511778_Pompiers_424','ZONE_474585_-0531','Centre_de_Secours_Principal_Angers_Chêne_Vert_474714_-0511778','Pompiers',5742.1),('Centre_de_Secours_Principal_Angers_Chêne_Vert_474714_-0511778_Pompiers_469','ZONE_474675_-0461','Centre_de_Secours_Principal_Angers_Chêne_Vert_474714_-0511778','Pompiers',5026.67),('Centre_de_Secours_Principal_Angers_Chêne_Vert_474714_-0511778_Pompiers_474','ZONE_474675_-0475','Centre_de_Secours_Principal_Angers_Chêne_Vert_474714_-0511778','Pompiers',3670.07),('Centre_de_Secours_Principal_Angers_Chêne_Vert_474714_-0511778_Pompiers_479','ZONE_474675_-0489','Centre_de_Secours_Principal_Angers_Chêne_Vert_474714_-0511778','Pompiers',2343.49),('Centre_de_Secours_Principal_Angers_Chêne_Vert_474714_-0511778_Pompiers_484','ZONE_474675_-0503','Centre_de_Secours_Principal_Angers_Chêne_Vert_474714_-0511778','Pompiers',2807.61),('Centre_de_Secours_Principal_Angers_Chêne_Vert_474714_-0511778_Pompiers_489','ZONE_474675_-0517','Centre_de_Secours_Principal_Angers_Chêne_Vert_474714_-0511778','Pompiers',4220.96),('Centre_de_Secours_Principal_Angers_Chêne_Vert_474714_-0511778_Pompiers_494','ZONE_474675_-0531','Centre_de_Secours_Principal_Angers_Chêne_Vert_474714_-0511778','Pompiers',5048.8),('Centre_de_Secours_Principal_Angers_Chêne_Vert_474714_-0511778_Pompiers_538','ZONE_474765_-0461','Centre_de_Secours_Principal_Angers_Chêne_Vert_474714_-0511778','Pompiers',4315.1),('Centre_de_Secours_Principal_Angers_Chêne_Vert_474714_-0511778_Pompiers_543','ZONE_474765_-0475','Centre_de_Secours_Principal_Angers_Chêne_Vert_474714_-0511778','Pompiers',3091.6),('Centre_de_Secours_Principal_Angers_Chêne_Vert_474714_-0511778_Pompiers_548','ZONE_474765_-0489','Centre_de_Secours_Principal_Angers_Chêne_Vert_474714_-0511778','Pompiers',2123.55),('Centre_de_Secours_Principal_Angers_Chêne_Vert_474714_-0511778_Pompiers_553','ZONE_474765_-0503','Centre_de_Secours_Principal_Angers_Chêne_Vert_474714_-0511778','Pompiers',2088.29),('Centre_de_Secours_Principal_Angers_Chêne_Vert_474714_-0511778_Pompiers_558','ZONE_474765_-0517','Centre_de_Secours_Principal_Angers_Chêne_Vert_474714_-0511778','Pompiers',3373.51),('Centre_de_Secours_Principal_Angers_Chêne_Vert_474714_-0511778_Pompiers_563','ZONE_474765_-0531','Centre_de_Secours_Principal_Angers_Chêne_Vert_474714_-0511778','Pompiers',4629.48),('Centre_de_Secours_Principal_Angers_Chêne_Vert_474714_-0511778_Pompiers_594','ZONE_474855_-0461','Centre_de_Secours_Principal_Angers_Chêne_Vert_474714_-0511778','Pompiers',5496.93),('Centre_de_Secours_Principal_Angers_Chêne_Vert_474714_-0511778_Pompiers_599','ZONE_474855_-0475','Centre_de_Secours_Principal_Angers_Chêne_Vert_474714_-0511778','Pompiers',3863.86),('Centre_de_Secours_Principal_Angers_Chêne_Vert_474714_-0511778_Pompiers_604','ZONE_474855_-0489','Centre_de_Secours_Principal_Angers_Chêne_Vert_474714_-0511778','Pompiers',3001.26),('Centre_de_Secours_Principal_Angers_Chêne_Vert_474714_-0511778_Pompiers_650','ZONE_474945_-0461','Centre_de_Secours_Principal_Angers_Chêne_Vert_474714_-0511778','Pompiers',5496.93),('Centre_de_Secours_Principal_Angers_Chêne_Vert_474714_-0511778_Pompiers_655','ZONE_474945_-0475','Centre_de_Secours_Principal_Angers_Chêne_Vert_474714_-0511778','Pompiers',4009.49),('Centre_de_Secours_Principal_Angers_Chêne_Vert_474714_-0511778_Pompiers_664','ZONE_474945_-0517','Centre_de_Secours_Principal_Angers_Chêne_Vert_474714_-0511778','Pompiers',4456.23),('Centre_de_Secours_Principal_Angers_Chêne_Vert_474714_-0511778_Pompiers_669','ZONE_474945_-0531','Centre_de_Secours_Principal_Angers_Chêne_Vert_474714_-0511778','Pompiers',4815.21),('Centre_de_Secours_Principal_Angers_Chêne_Vert_474714_-0511778_Pompiers_720','ZONE_475035_-0503','Centre_de_Secours_Principal_Angers_Chêne_Vert_474714_-0511778','Pompiers',4704.71),('Centre_de_Secours_Principal_Angers_Chêne_Vert_474714_-0511778_Pompiers_725','ZONE_475035_-0517','Centre_de_Secours_Principal_Angers_Chêne_Vert_474714_-0511778','Pompiers',5131.57),('Centre_de_Secours_Principal_Angers_Chêne_Vert_474714_-0511778_Pompiers_730','ZONE_475035_-0531','Centre_de_Secours_Principal_Angers_Chêne_Vert_474714_-0511778','Pompiers',5186.47),('Centre_de_Secours_Principal_Angers_Chêne_Vert_474714_-0511778_Pompiers_74','ZONE_474135_-0461','Centre_de_Secours_Principal_Angers_Chêne_Vert_474714_-0511778','Pompiers',16918),('Centre_de_Secours_Principal_Angers_Chêne_Vert_474714_-0511778_Pompiers_775','ZONE_475125_-0461','Centre_de_Secours_Principal_Angers_Chêne_Vert_474714_-0511778','Pompiers',6563.45),('Centre_de_Secours_Principal_Angers_Chêne_Vert_474714_-0511778_Pompiers_780','ZONE_475125_-0475','Centre_de_Secours_Principal_Angers_Chêne_Vert_474714_-0511778','Pompiers',6070.27),('Centre_de_Secours_Principal_Angers_Chêne_Vert_474714_-0511778_Pompiers_785','ZONE_475125_-0489','Centre_de_Secours_Principal_Angers_Chêne_Vert_474714_-0511778','Pompiers',5811.88),('Centre_de_Secours_Principal_Angers_Chêne_Vert_474714_-0511778_Pompiers_79','ZONE_474135_-0475','Centre_de_Secours_Principal_Angers_Chêne_Vert_474714_-0511778','Pompiers',14855.8),('Centre_de_Secours_Principal_Angers_Chêne_Vert_474714_-0511778_Pompiers_790','ZONE_475125_-0503','Centre_de_Secours_Principal_Angers_Chêne_Vert_474714_-0511778','Pompiers',5042.18),('Centre_de_Secours_Principal_Angers_Chêne_Vert_474714_-0511778_Pompiers_795','ZONE_475125_-0517','Centre_de_Secours_Principal_Angers_Chêne_Vert_474714_-0511778','Pompiers',5690.35),('Centre_de_Secours_Principal_Angers_Chêne_Vert_474714_-0511778_Pompiers_800','ZONE_475125_-0531','Centre_de_Secours_Principal_Angers_Chêne_Vert_474714_-0511778','Pompiers',6241.17),('Centre_de_Secours_Principal_Angers_Chêne_Vert_474714_-0511778_Pompiers_835','ZONE_475215_-0461','Centre_de_Secours_Principal_Angers_Chêne_Vert_474714_-0511778','Pompiers',7730.74),('Centre_de_Secours_Principal_Angers_Chêne_Vert_474714_-0511778_Pompiers_84','ZONE_474135_-0489','Centre_de_Secours_Principal_Angers_Chêne_Vert_474714_-0511778','Pompiers',13901.6),('Centre_de_Secours_Principal_Angers_Chêne_Vert_474714_-0511778_Pompiers_840','ZONE_475215_-0475','Centre_de_Secours_Principal_Angers_Chêne_Vert_474714_-0511778','Pompiers',7184.42),('Centre_de_Secours_Principal_Angers_Chêne_Vert_474714_-0511778_Pompiers_845','ZONE_475215_-0489','Centre_de_Secours_Principal_Angers_Chêne_Vert_474714_-0511778','Pompiers',7278.66),('Centre_de_Secours_Principal_Angers_Chêne_Vert_474714_-0511778_Pompiers_850','ZONE_475215_-0503','Centre_de_Secours_Principal_Angers_Chêne_Vert_474714_-0511778','Pompiers',6001.05),('Centre_de_Secours_Principal_Angers_Chêne_Vert_474714_-0511778_Pompiers_855','ZONE_475215_-0517','Centre_de_Secours_Principal_Angers_Chêne_Vert_474714_-0511778','Pompiers',6772.4),('Centre_de_Secours_Principal_Angers_Chêne_Vert_474714_-0511778_Pompiers_860','ZONE_475215_-0531','Centre_de_Secours_Principal_Angers_Chêne_Vert_474714_-0511778','Pompiers',7688.44),('Centre_de_Secours_Principal_Angers_Chêne_Vert_474714_-0511778_Pompiers_865','ZONE_475215_-0545','Centre_de_Secours_Principal_Angers_Chêne_Vert_474714_-0511778','Pompiers',8380.28),('Centre_de_Secours_Principal_Angers_Chêne_Vert_474714_-0511778_Pompiers_89','ZONE_474135_-0503','Centre_de_Secours_Principal_Angers_Chêne_Vert_474714_-0511778','Pompiers',12671.5),('Centre_de_Secours_Principal_Angers_Chêne_Vert_474714_-0511778_Pompiers_9','ZONE_474045_-0475','Centre_de_Secours_Principal_Angers_Chêne_Vert_474714_-0511778','Pompiers',14102.9),('Centre_de_Secours_Principal_Angers_Chêne_Vert_474714_-0511778_Pompiers_900','ZONE_475305_-0461','Centre_de_Secours_Principal_Angers_Chêne_Vert_474714_-0511778','Pompiers',8643.63),('Centre_de_Secours_Principal_Angers_Chêne_Vert_474714_-0511778_Pompiers_905','ZONE_475305_-0475','Centre_de_Secours_Principal_Angers_Chêne_Vert_474714_-0511778','Pompiers',8047.51),('Centre_de_Secours_Principal_Angers_Chêne_Vert_474714_-0511778_Pompiers_910','ZONE_475305_-0489','Centre_de_Secours_Principal_Angers_Chêne_Vert_474714_-0511778','Pompiers',8089.71),('Centre_de_Secours_Principal_Angers_Chêne_Vert_474714_-0511778_Pompiers_915','ZONE_475305_-0503','Centre_de_Secours_Principal_Angers_Chêne_Vert_474714_-0511778','Pompiers',6847.98),('Centre_de_Secours_Principal_Angers_Chêne_Vert_474714_-0511778_Pompiers_920','ZONE_475305_-0517','Centre_de_Secours_Principal_Angers_Chêne_Vert_474714_-0511778','Pompiers',7942.33),('Centre_de_Secours_Principal_Angers_Chêne_Vert_474714_-0511778_Pompiers_925','ZONE_475305_-0531','Centre_de_Secours_Principal_Angers_Chêne_Vert_474714_-0511778','Pompiers',8300),('Centre_de_Secours_Principal_Angers_Chêne_Vert_474714_-0511778_Pompiers_94','ZONE_474135_-0517','Centre_de_Secours_Principal_Angers_Chêne_Vert_474714_-0511778','Pompiers',10754.7),('Centre_de_Secours_Principal_Angers_Chêne_Vert_474714_-0511778_Pompiers_970','ZONE_475395_-0461','Centre_de_Secours_Principal_Angers_Chêne_Vert_474714_-0511778','Pompiers',10239.8),('Centre_de_Secours_Principal_Angers_Chêne_Vert_474714_-0511778_Pompiers_975','ZONE_475395_-0475','Centre_de_Secours_Principal_Angers_Chêne_Vert_474714_-0511778','Pompiers',9991.91),('Centre_de_Secours_Principal_Angers_Chêne_Vert_474714_-0511778_Pompiers_980','ZONE_475395_-0489','Centre_de_Secours_Principal_Angers_Chêne_Vert_474714_-0511778','Pompiers',8961.2),('Centre_de_Secours_Principal_Angers_Chêne_Vert_474714_-0511778_Pompiers_985','ZONE_475395_-0503','Centre_de_Secours_Principal_Angers_Chêne_Vert_474714_-0511778','Pompiers',8175.49),('Centre_de_Secours_Principal_Angers_Chêne_Vert_474714_-0511778_Pompiers_990','ZONE_475395_-0517','Centre_de_Secours_Principal_Angers_Chêne_Vert_474714_-0511778','Pompiers',8845.69),('Centre_de_Secours_Principal_Angers_Chêne_Vert_474714_-0511778_Pompiers_995','ZONE_475395_-0531','Centre_de_Secours_Principal_Angers_Chêne_Vert_474714_-0511778','Pompiers',8868.06),('Centre_de_Secours_Principal_Angers_Ouest_474744_-0615934_Pompiers_1010','ZONE_475395_-0573','Centre_de_Secours_Principal_Angers_Ouest_474744_-0615934','Pompiers',11845.6),('Centre_de_Secours_Principal_Angers_Ouest_474744_-0615934_Pompiers_1015','ZONE_475395_-0587','Centre_de_Secours_Principal_Angers_Ouest_474744_-0615934','Pompiers',12131.7),('Centre_de_Secours_Principal_Angers_Ouest_474744_-0615934_Pompiers_1020','ZONE_475395_-0601','Centre_de_Secours_Principal_Angers_Ouest_474744_-0615934','Pompiers',10492.4),('Centre_de_Secours_Principal_Angers_Ouest_474744_-0615934_Pompiers_1025','ZONE_475395_-0615','Centre_de_Secours_Principal_Angers_Ouest_474744_-0615934','Pompiers',9545.41),('Centre_de_Secours_Principal_Angers_Ouest_474744_-0615934_Pompiers_1030','ZONE_475395_-0629','Centre_de_Secours_Principal_Angers_Ouest_474744_-0615934','Pompiers',10086.7),('Centre_de_Secours_Principal_Angers_Ouest_474744_-0615934_Pompiers_1035','ZONE_475395_-0643','Centre_de_Secours_Principal_Angers_Ouest_474744_-0615934','Pompiers',10246),('Centre_de_Secours_Principal_Angers_Ouest_474744_-0615934_Pompiers_129','ZONE_474135_-0615','Centre_de_Secours_Principal_Angers_Ouest_474744_-0615934','Pompiers',8324.3),('Centre_de_Secours_Principal_Angers_Ouest_474744_-0615934_Pompiers_134','ZONE_474135_-0629','Centre_de_Secours_Principal_Angers_Ouest_474744_-0615934','Pompiers',9553.76),('Centre_de_Secours_Principal_Angers_Ouest_474744_-0615934_Pompiers_139','ZONE_474135_-0643','Centre_de_Secours_Principal_Angers_Ouest_474744_-0615934','Pompiers',9237.95),('Centre_de_Secours_Principal_Angers_Ouest_474744_-0615934_Pompiers_179','ZONE_474225_-0601','Centre_de_Secours_Principal_Angers_Ouest_474744_-0615934','Pompiers',8006.55),('Centre_de_Secours_Principal_Angers_Ouest_474744_-0615934_Pompiers_184','ZONE_474225_-0615','Centre_de_Secours_Principal_Angers_Ouest_474744_-0615934','Pompiers',7748.7),('Centre_de_Secours_Principal_Angers_Ouest_474744_-0615934_Pompiers_189','ZONE_474225_-0629','Centre_de_Secours_Principal_Angers_Ouest_474744_-0615934','Pompiers',8749.9),('Centre_de_Secours_Principal_Angers_Ouest_474744_-0615934_Pompiers_194','ZONE_474225_-0643','Centre_de_Secours_Principal_Angers_Ouest_474744_-0615934','Pompiers',8163.89),('Centre_de_Secours_Principal_Angers_Ouest_474744_-0615934_Pompiers_249','ZONE_474315_-0601','Centre_de_Secours_Principal_Angers_Ouest_474744_-0615934','Pompiers',6110.4),('Centre_de_Secours_Principal_Angers_Ouest_474744_-0615934_Pompiers_254','ZONE_474315_-0615','Centre_de_Secours_Principal_Angers_Ouest_474744_-0615934','Pompiers',5785.36),('Centre_de_Secours_Principal_Angers_Ouest_474744_-0615934_Pompiers_259','ZONE_474315_-0629','Centre_de_Secours_Principal_Angers_Ouest_474744_-0615934','Pompiers',8551.02),('Centre_de_Secours_Principal_Angers_Ouest_474744_-0615934_Pompiers_264','ZONE_474315_-0643','Centre_de_Secours_Principal_Angers_Ouest_474744_-0615934','Pompiers',6888.38),('Centre_de_Secours_Principal_Angers_Ouest_474744_-0615934_Pompiers_319','ZONE_474405_-0601','Centre_de_Secours_Principal_Angers_Ouest_474744_-0615934','Pompiers',5288.87),('Centre_de_Secours_Principal_Angers_Ouest_474744_-0615934_Pompiers_324','ZONE_474405_-0615','Centre_de_Secours_Principal_Angers_Ouest_474744_-0615934','Pompiers',4726.44),('Centre_de_Secours_Principal_Angers_Ouest_474744_-0615934_Pompiers_329','ZONE_474405_-0629','Centre_de_Secours_Principal_Angers_Ouest_474744_-0615934','Pompiers',5134.74),('Centre_de_Secours_Principal_Angers_Ouest_474744_-0615934_Pompiers_334','ZONE_474405_-0643','Centre_de_Secours_Principal_Angers_Ouest_474744_-0615934','Pompiers',6658.13),('Centre_de_Secours_Principal_Angers_Ouest_474744_-0615934_Pompiers_379','ZONE_474495_-0601','Centre_de_Secours_Principal_Angers_Ouest_474744_-0615934','Pompiers',4863.89),('Centre_de_Secours_Principal_Angers_Ouest_474744_-0615934_Pompiers_384','ZONE_474495_-0615','Centre_de_Secours_Principal_Angers_Ouest_474744_-0615934','Pompiers',3596.85),('Centre_de_Secours_Principal_Angers_Ouest_474744_-0615934_Pompiers_389','ZONE_474495_-0629','Centre_de_Secours_Principal_Angers_Ouest_474744_-0615934','Pompiers',5032.35),('Centre_de_Secours_Principal_Angers_Ouest_474744_-0615934_Pompiers_394','ZONE_474495_-0643','Centre_de_Secours_Principal_Angers_Ouest_474744_-0615934','Pompiers',4580.45),('Centre_de_Secours_Principal_Angers_Ouest_474744_-0615934_Pompiers_449','ZONE_474585_-0601','Centre_de_Secours_Principal_Angers_Ouest_474744_-0615934','Pompiers',3322.03),('Centre_de_Secours_Principal_Angers_Ouest_474744_-0615934_Pompiers_454','ZONE_474585_-0615','Centre_de_Secours_Principal_Angers_Ouest_474744_-0615934','Pompiers',2748),('Centre_de_Secours_Principal_Angers_Ouest_474744_-0615934_Pompiers_459','ZONE_474585_-0629','Centre_de_Secours_Principal_Angers_Ouest_474744_-0615934','Pompiers',2560.74),('Centre_de_Secours_Principal_Angers_Ouest_474744_-0615934_Pompiers_464','ZONE_474585_-0643','Centre_de_Secours_Principal_Angers_Ouest_474744_-0615934','Pompiers',4018.46),('Centre_de_Secours_Principal_Angers_Ouest_474744_-0615934_Pompiers_518','ZONE_474675_-0601','Centre_de_Secours_Principal_Angers_Ouest_474744_-0615934','Pompiers',2539.16),('Centre_de_Secours_Principal_Angers_Ouest_474744_-0615934_Pompiers_523','ZONE_474675_-0615','Centre_de_Secours_Principal_Angers_Ouest_474744_-0615934','Pompiers',1669.94),('Centre_de_Secours_Principal_Angers_Ouest_474744_-0615934_Pompiers_528','ZONE_474675_-0629','Centre_de_Secours_Principal_Angers_Ouest_474744_-0615934','Pompiers',2290.38),('Centre_de_Secours_Principal_Angers_Ouest_474744_-0615934_Pompiers_533','ZONE_474675_-0643','Centre_de_Secours_Principal_Angers_Ouest_474744_-0615934','Pompiers',4962.21),('Centre_de_Secours_Principal_Angers_Ouest_474744_-0615934_Pompiers_574','ZONE_474765_-0587','Centre_de_Secours_Principal_Angers_Ouest_474744_-0615934','Pompiers',2699.31),('Centre_de_Secours_Principal_Angers_Ouest_474744_-0615934_Pompiers_579','ZONE_474765_-0601','Centre_de_Secours_Principal_Angers_Ouest_474744_-0615934','Pompiers',1593.48),('Centre_de_Secours_Principal_Angers_Ouest_474744_-0615934_Pompiers_584','ZONE_474765_-0615','Centre_de_Secours_Principal_Angers_Ouest_474744_-0615934','Pompiers',628.147),('Centre_de_Secours_Principal_Angers_Ouest_474744_-0615934_Pompiers_589','ZONE_474765_-0643','Centre_de_Secours_Principal_Angers_Ouest_474744_-0615934','Pompiers',1963.7),('Centre_de_Secours_Principal_Angers_Ouest_474744_-0615934_Pompiers_59','ZONE_474045_-0615','Centre_de_Secours_Principal_Angers_Ouest_474744_-0615934','Pompiers',18306.9),('Centre_de_Secours_Principal_Angers_Ouest_474744_-0615934_Pompiers_625','ZONE_474855_-0587','Centre_de_Secours_Principal_Angers_Ouest_474744_-0615934','Pompiers',5548.23),('Centre_de_Secours_Principal_Angers_Ouest_474744_-0615934_Pompiers_630','ZONE_474855_-0601','Centre_de_Secours_Principal_Angers_Ouest_474744_-0615934','Pompiers',6439.34),('Centre_de_Secours_Principal_Angers_Ouest_474744_-0615934_Pompiers_635','ZONE_474855_-0615','Centre_de_Secours_Principal_Angers_Ouest_474744_-0615934','Pompiers',1610.54),('Centre_de_Secours_Principal_Angers_Ouest_474744_-0615934_Pompiers_64','ZONE_474045_-0629','Centre_de_Secours_Principal_Angers_Ouest_474744_-0615934','Pompiers',9864.77),('Centre_de_Secours_Principal_Angers_Ouest_474744_-0615934_Pompiers_640','ZONE_474855_-0629','Centre_de_Secours_Principal_Angers_Ouest_474744_-0615934','Pompiers',2394.87),('Centre_de_Secours_Principal_Angers_Ouest_474744_-0615934_Pompiers_645','ZONE_474855_-0643','Centre_de_Secours_Principal_Angers_Ouest_474744_-0615934','Pompiers',2674.72),('Centre_de_Secours_Principal_Angers_Ouest_474744_-0615934_Pompiers_689','ZONE_474945_-0587','Centre_de_Secours_Principal_Angers_Ouest_474744_-0615934','Pompiers',6529.23),('Centre_de_Secours_Principal_Angers_Ouest_474744_-0615934_Pompiers_69','ZONE_474045_-0643','Centre_de_Secours_Principal_Angers_Ouest_474744_-0615934','Pompiers',11303.8),('Centre_de_Secours_Principal_Angers_Ouest_474744_-0615934_Pompiers_694','ZONE_474945_-0601','Centre_de_Secours_Principal_Angers_Ouest_474744_-0615934','Pompiers',5660.51),('Centre_de_Secours_Principal_Angers_Ouest_474744_-0615934_Pompiers_699','ZONE_474945_-0615','Centre_de_Secours_Principal_Angers_Ouest_474744_-0615934','Pompiers',10737.7),('Centre_de_Secours_Principal_Angers_Ouest_474744_-0615934_Pompiers_704','ZONE_474945_-0629','Centre_de_Secours_Principal_Angers_Ouest_474744_-0615934','Pompiers',12928),('Centre_de_Secours_Principal_Angers_Ouest_474744_-0615934_Pompiers_709','ZONE_474945_-0643','Centre_de_Secours_Principal_Angers_Ouest_474744_-0615934','Pompiers',4087.6),('Centre_de_Secours_Principal_Angers_Ouest_474744_-0615934_Pompiers_750','ZONE_475035_-0587','Centre_de_Secours_Principal_Angers_Ouest_474744_-0615934','Pompiers',7059.19),('Centre_de_Secours_Principal_Angers_Ouest_474744_-0615934_Pompiers_755','ZONE_475035_-0601','Centre_de_Secours_Principal_Angers_Ouest_474744_-0615934','Pompiers',6030.4),('Centre_de_Secours_Principal_Angers_Ouest_474744_-0615934_Pompiers_760','ZONE_475035_-0615','Centre_de_Secours_Principal_Angers_Ouest_474744_-0615934','Pompiers',4667.41),('Centre_de_Secours_Principal_Angers_Ouest_474744_-0615934_Pompiers_765','ZONE_475035_-0629','Centre_de_Secours_Principal_Angers_Ouest_474744_-0615934','Pompiers',4201.99),('Centre_de_Secours_Principal_Angers_Ouest_474744_-0615934_Pompiers_770','ZONE_475035_-0643','Centre_de_Secours_Principal_Angers_Ouest_474744_-0615934','Pompiers',4087.6),('Centre_de_Secours_Principal_Angers_Ouest_474744_-0615934_Pompiers_810','ZONE_475125_-0587','Centre_de_Secours_Principal_Angers_Ouest_474744_-0615934','Pompiers',7919.52),('Centre_de_Secours_Principal_Angers_Ouest_474744_-0615934_Pompiers_815','ZONE_475125_-0601','Centre_de_Secours_Principal_Angers_Ouest_474744_-0615934','Pompiers',7698.87),('Centre_de_Secours_Principal_Angers_Ouest_474744_-0615934_Pompiers_820','ZONE_475125_-0615','Centre_de_Secours_Principal_Angers_Ouest_474744_-0615934','Pompiers',6774.58),('Centre_de_Secours_Principal_Angers_Ouest_474744_-0615934_Pompiers_825','ZONE_475125_-0629','Centre_de_Secours_Principal_Angers_Ouest_474744_-0615934','Pompiers',7644.61),('Centre_de_Secours_Principal_Angers_Ouest_474744_-0615934_Pompiers_830','ZONE_475125_-0643','Centre_de_Secours_Principal_Angers_Ouest_474744_-0615934','Pompiers',7644.61),('Centre_de_Secours_Principal_Angers_Ouest_474744_-0615934_Pompiers_880','ZONE_475215_-0587','Centre_de_Secours_Principal_Angers_Ouest_474744_-0615934','Pompiers',8974.1),('Centre_de_Secours_Principal_Angers_Ouest_474744_-0615934_Pompiers_885','ZONE_475215_-0601','Centre_de_Secours_Principal_Angers_Ouest_474744_-0615934','Pompiers',8493.54),('Centre_de_Secours_Principal_Angers_Ouest_474744_-0615934_Pompiers_890','ZONE_475215_-0615','Centre_de_Secours_Principal_Angers_Ouest_474744_-0615934','Pompiers',7637.07),('Centre_de_Secours_Principal_Angers_Ouest_474744_-0615934_Pompiers_895','ZONE_475215_-0643','Centre_de_Secours_Principal_Angers_Ouest_474744_-0615934','Pompiers',9665.54),('Centre_de_Secours_Principal_Angers_Ouest_474744_-0615934_Pompiers_945','ZONE_475305_-0587','Centre_de_Secours_Principal_Angers_Ouest_474744_-0615934','Pompiers',9563.14),('Centre_de_Secours_Principal_Angers_Ouest_474744_-0615934_Pompiers_950','ZONE_475305_-0601','Centre_de_Secours_Principal_Angers_Ouest_474744_-0615934','Pompiers',9624.05),('Centre_de_Secours_Principal_Angers_Ouest_474744_-0615934_Pompiers_955','ZONE_475305_-0615','Centre_de_Secours_Principal_Angers_Ouest_474744_-0615934','Pompiers',8880.23),('Centre_de_Secours_Principal_Angers_Ouest_474744_-0615934_Pompiers_960','ZONE_475305_-0629','Centre_de_Secours_Principal_Angers_Ouest_474744_-0615934','Pompiers',8976.35),('Centre_de_Secours_Principal_Angers_Ouest_474744_-0615934_Pompiers_965','ZONE_475305_-0643','Centre_de_Secours_Principal_Angers_Ouest_474744_-0615934','Pompiers',9258.64),('CHEVREUL_PIRECKI_AUDE_474681_-0559022_Médecin_500','ZONE_474675_-0559','CHEVREUL_PIRECKI_AUDE_474681_-0559022','Médecin',42.2681),('Clinique_de_l\'Anjou_474455_-0539316_Santé_103','ZONE_474135_-0545','Clinique_de_l\'Anjou_474455_-0539316','Santé',5480.21),('Clinique_de_l\'Anjou_474455_-0539316_Santé_108','ZONE_474135_-0559','Clinique_de_l\'Anjou_474455_-0539316','Santé',6283.71),('Clinique_de_l\'Anjou_474455_-0539316_Santé_113','ZONE_474135_-0573','Clinique_de_l\'Anjou_474455_-0539316','Santé',7063.93),('Clinique_de_l\'Anjou_474455_-0539316_Santé_118','ZONE_474135_-0587','Clinique_de_l\'Anjou_474455_-0539316','Santé',9046.61),('Clinique_de_l\'Anjou_474455_-0539316_Santé_123','ZONE_474135_-0601','Clinique_de_l\'Anjou_474455_-0539316','Santé',9637.2),('Clinique_de_l\'Anjou_474455_-0539316_Santé_128','ZONE_474135_-0615','Clinique_de_l\'Anjou_474455_-0539316','Santé',8424.19),('Clinique_de_l\'Anjou_474455_-0539316_Santé_13','ZONE_474045_-0489','Clinique_de_l\'Anjou_474455_-0539316','Santé',8669.55),('Clinique_de_l\'Anjou_474455_-0539316_Santé_133','ZONE_474135_-0629','Clinique_de_l\'Anjou_474455_-0539316','Santé',9653.66),('Clinique_de_l\'Anjou_474455_-0539316_Santé_138','ZONE_474135_-0643','Clinique_de_l\'Anjou_474455_-0539316','Santé',10990.6),('Clinique_de_l\'Anjou_474455_-0539316_Santé_153','ZONE_474225_-0517','Clinique_de_l\'Anjou_474455_-0539316','Santé',3466.28),('Clinique_de_l\'Anjou_474455_-0539316_Santé_158','ZONE_474225_-0545','Clinique_de_l\'Anjou_474455_-0539316','Santé',3474.67),('Clinique_de_l\'Anjou_474455_-0539316_Santé_163','ZONE_474225_-0559','Clinique_de_l\'Anjou_474455_-0539316','Santé',3715.87),('Clinique_de_l\'Anjou_474455_-0539316_Santé_168','ZONE_474225_-0573','Clinique_de_l\'Anjou_474455_-0539316','Santé',4553.68),('Clinique_de_l\'Anjou_474455_-0539316_Santé_173','ZONE_474225_-0587','Clinique_de_l\'Anjou_474455_-0539316','Santé',5170.73),('Clinique_de_l\'Anjou_474455_-0539316_Santé_178','ZONE_474225_-0601','Clinique_de_l\'Anjou_474455_-0539316','Santé',6397.03),('Clinique_de_l\'Anjou_474455_-0539316_Santé_18','ZONE_474045_-0503','Clinique_de_l\'Anjou_474455_-0539316','Santé',8037.58),('Clinique_de_l\'Anjou_474455_-0539316_Santé_183','ZONE_474225_-0615','Clinique_de_l\'Anjou_474455_-0539316','Santé',7848.59),('Clinique_de_l\'Anjou_474455_-0539316_Santé_188','ZONE_474225_-0629','Clinique_de_l\'Anjou_474455_-0539316','Santé',8849.79),('Clinique_de_l\'Anjou_474455_-0539316_Santé_193','ZONE_474225_-0643','Clinique_de_l\'Anjou_474455_-0539316','Santé',10605.9),('Clinique_de_l\'Anjou_474455_-0539316_Santé_218','ZONE_474315_-0517','Clinique_de_l\'Anjou_474455_-0539316','Santé',3189.23),('Clinique_de_l\'Anjou_474455_-0539316_Santé_223','ZONE_474315_-0531','Clinique_de_l\'Anjou_474455_-0539316','Santé',2361.24),('Clinique_de_l\'Anjou_474455_-0539316_Santé_228','ZONE_474315_-0545','Clinique_de_l\'Anjou_474455_-0539316','Santé',2480.72),('Clinique_de_l\'Anjou_474455_-0539316_Santé_23','ZONE_474045_-0517','Clinique_de_l\'Anjou_474455_-0539316','Santé',6409.22),('Clinique_de_l\'Anjou_474455_-0539316_Santé_233','ZONE_474315_-0559','Clinique_de_l\'Anjou_474455_-0539316','Santé',2327.73),('Clinique_de_l\'Anjou_474455_-0539316_Santé_238','ZONE_474315_-0573','Clinique_de_l\'Anjou_474455_-0539316','Santé',3819.53),('Clinique_de_l\'Anjou_474455_-0539316_Santé_243','ZONE_474315_-0587','Clinique_de_l\'Anjou_474455_-0539316','Santé',5101.93),('Clinique_de_l\'Anjou_474455_-0539316_Santé_248','ZONE_474315_-0601','Clinique_de_l\'Anjou_474455_-0539316','Santé',9275.13),('Clinique_de_l\'Anjou_474455_-0539316_Santé_253','ZONE_474315_-0615','Clinique_de_l\'Anjou_474455_-0539316','Santé',8616.21),('Clinique_de_l\'Anjou_474455_-0539316_Santé_258','ZONE_474315_-0629','Clinique_de_l\'Anjou_474455_-0539316','Santé',9684.4),('Clinique_de_l\'Anjou_474455_-0539316_Santé_263','ZONE_474315_-0643','Clinique_de_l\'Anjou_474455_-0539316','Santé',10446.8),('Clinique_de_l\'Anjou_474455_-0539316_Santé_28','ZONE_474045_-0531','Clinique_de_l\'Anjou_474455_-0539316','Santé',5630.23),('Clinique_de_l\'Anjou_474455_-0539316_Santé_293','ZONE_474405_-0531','Clinique_de_l\'Anjou_474455_-0539316','Santé',2223.04),('Clinique_de_l\'Anjou_474455_-0539316_Santé_298','ZONE_474405_-0545','Clinique_de_l\'Anjou_474455_-0539316','Santé',1103.17),('Clinique_de_l\'Anjou_474455_-0539316_Santé_303','ZONE_474405_-0559','Clinique_de_l\'Anjou_474455_-0539316','Santé',1977.72),('Clinique_de_l\'Anjou_474455_-0539316_Santé_308','ZONE_474405_-0573','Clinique_de_l\'Anjou_474455_-0539316','Santé',3153.54),('Clinique_de_l\'Anjou_474455_-0539316_Santé_313','ZONE_474405_-0587','Clinique_de_l\'Anjou_474455_-0539316','Santé',4686.94),('Clinique_de_l\'Anjou_474455_-0539316_Santé_33','ZONE_474045_-0545','Clinique_de_l\'Anjou_474455_-0539316','Santé',6893.2),('Clinique_de_l\'Anjou_474455_-0539316_Santé_358','ZONE_474495_-0545','Clinique_de_l\'Anjou_474455_-0539316','Santé',505.672),('Clinique_de_l\'Anjou_474455_-0539316_Santé_363','ZONE_474495_-0559','Clinique_de_l\'Anjou_474455_-0539316','Santé',2228.52),('Clinique_de_l\'Anjou_474455_-0539316_Santé_368','ZONE_474495_-0573','Clinique_de_l\'Anjou_474455_-0539316','Santé',2978.3),('Clinique_de_l\'Anjou_474455_-0539316_Santé_38','ZONE_474045_-0559','Clinique_de_l\'Anjou_474455_-0539316','Santé',8144.85),('Clinique_de_l\'Anjou_474455_-0539316_Santé_43','ZONE_474045_-0573','Clinique_de_l\'Anjou_474455_-0539316','Santé',9267.4),('Clinique_de_l\'Anjou_474455_-0539316_Santé_48','ZONE_474045_-0587','Clinique_de_l\'Anjou_474455_-0539316','Santé',9338.01),('Clinique_de_l\'Anjou_474455_-0539316_Santé_53','ZONE_474045_-0601','Clinique_de_l\'Anjou_474455_-0539316','Santé',10023.9),('Clinique_de_l\'Anjou_474455_-0539316_Santé_58','ZONE_474045_-0615','Clinique_de_l\'Anjou_474455_-0539316','Santé',10780),('Clinique_de_l\'Anjou_474455_-0539316_Santé_63','ZONE_474045_-0629','Clinique_de_l\'Anjou_474455_-0539316','Santé',9964.66),('Clinique_de_l\'Anjou_474455_-0539316_Santé_68','ZONE_474045_-0643','Clinique_de_l\'Anjou_474455_-0539316','Santé',11403.6),('Clinique_de_l\'Anjou_474455_-0539316_Santé_88','ZONE_474135_-0503','Clinique_de_l\'Anjou_474455_-0539316','Santé',6539.31),('Clinique_de_l\'Anjou_474455_-0539316_Santé_93','ZONE_474135_-0517','Clinique_de_l\'Anjou_474455_-0539316','Santé',4622.46),('Clinique_de_l\'Anjou_474455_-0539316_Santé_98','ZONE_474135_-0531','Clinique_de_l\'Anjou_474455_-0539316','Santé',4480.69),('Clinique_Saint-Didier_474667_-055_Santé_318','ZONE_474405_-0601','Clinique_Saint-Didier_474667_-055','Santé',6848.73),('Clinique_Saint-Didier_474667_-055_Santé_323','ZONE_474405_-0615','Clinique_Saint-Didier_474667_-055','Santé',7712.14),('Clinique_Saint-Didier_474667_-055_Santé_328','ZONE_474405_-0629','Clinique_Saint-Didier_474667_-055','Santé',8909.92),('Clinique_Saint-Didier_474667_-055_Santé_333','ZONE_474405_-0643','Clinique_Saint-Didier_474667_-055','Santé',10433.3),('Clinique_Saint-Didier_474667_-055_Santé_373','ZONE_474495_-0587','Clinique_Saint-Didier_474667_-055','Santé',4162.93),('Clinique_Saint-Didier_474667_-055_Santé_378','ZONE_474495_-0601','Clinique_Saint-Didier_474667_-055','Santé',6342.63),('Clinique_Saint-Didier_474667_-055_Santé_383','ZONE_474495_-0615','Clinique_Saint-Didier_474667_-055','Santé',7280.33),('Clinique_Saint-Didier_474667_-055_Santé_388','ZONE_474495_-0629','Clinique_Saint-Didier_474667_-055','Santé',8807.53),('Clinique_Saint-Didier_474667_-055_Santé_393','ZONE_474495_-0643','Clinique_Saint-Didier_474667_-055','Santé',9847.47),('Clinique_Saint-Didier_474667_-055_Santé_428','ZONE_474585_-0545','Clinique_Saint-Didier_474667_-055','Santé',1101.73),('Clinique_Saint-Didier_474667_-055_Santé_433','ZONE_474585_-0559','Clinique_Saint-Didier_474667_-055','Santé',1431.09),('Clinique_Saint-Didier_474667_-055_Santé_438','ZONE_474585_-0573','Clinique_Saint-Didier_474667_-055','Santé',2741.54),('Clinique_Saint-Didier_474667_-055_Santé_443','ZONE_474585_-0587','Clinique_Saint-Didier_474667_-055','Santé',3792.26),('Clinique_Saint-Didier_474667_-055_Santé_448','ZONE_474585_-0601','Clinique_Saint-Didier_474667_-055','Santé',5130.25),('Clinique_Saint-Didier_474667_-055_Santé_453','ZONE_474585_-0615','Clinique_Saint-Didier_474667_-055','Santé',6771.57),('Clinique_Saint-Didier_474667_-055_Santé_458','ZONE_474585_-0629','Clinique_Saint-Didier_474667_-055','Santé',7619.47),('Clinique_Saint-Didier_474667_-055_Santé_463','ZONE_474585_-0643','Clinique_Saint-Didier_474667_-055','Santé',9285.48),('Clinique_Saint-Didier_474667_-055_Santé_493','ZONE_474675_-0531','Clinique_Saint-Didier_474667_-055','Santé',1722.13),('Clinique_Saint-Didier_474667_-055_Santé_498','ZONE_474675_-0545','Clinique_Saint-Didier_474667_-055','Santé',503.462),('Clinique_Saint-Didier_474667_-055_Santé_502','ZONE_474675_-0559','Clinique_Saint-Didier_474667_-055','Santé',1021.45),('Clinique_Saint-Didier_474667_-055_Santé_507','ZONE_474675_-0573','Clinique_Saint-Didier_474667_-055','Santé',2278.03),('Clinique_Saint-Didier_474667_-055_Santé_512','ZONE_474675_-0587','Clinique_Saint-Didier_474667_-055','Santé',3797.1),('Clinique_Saint-Didier_474667_-055_Santé_562','ZONE_474765_-0531','Clinique_Saint-Didier_474667_-055','Santé',2297.91),('CORBEL_MAYNARD_SOPHIE_474444_-0539189_Médecin_101','ZONE_474135_-0545','CORBEL_MAYNARD_SOPHIE_474444_-0539189','Médecin',5159.65),('CORBEL_MAYNARD_SOPHIE_474444_-0539189_Médecin_151','ZONE_474225_-0517','CORBEL_MAYNARD_SOPHIE_474444_-0539189','Médecin',3145.71),('CORBEL_MAYNARD_SOPHIE_474444_-0539189_Médecin_156','ZONE_474225_-0545','CORBEL_MAYNARD_SOPHIE_474444_-0539189','Médecin',3156.9),('CORBEL_MAYNARD_SOPHIE_474444_-0539189_Médecin_16','ZONE_474045_-0503','CORBEL_MAYNARD_SOPHIE_474444_-0539189','Médecin',7717.02),('CORBEL_MAYNARD_SOPHIE_474444_-0539189_Médecin_21','ZONE_474045_-0517','CORBEL_MAYNARD_SOPHIE_474444_-0539189','Médecin',6088.66),('CORBEL_MAYNARD_SOPHIE_474444_-0539189_Médecin_221','ZONE_474315_-0531','CORBEL_MAYNARD_SOPHIE_474444_-0539189','Médecin',2040.67),('CORBEL_MAYNARD_SOPHIE_474444_-0539189_Médecin_226','ZONE_474315_-0545','CORBEL_MAYNARD_SOPHIE_474444_-0539189','Médecin',2306.99),('CORBEL_MAYNARD_SOPHIE_474444_-0539189_Médecin_26','ZONE_474045_-0531','CORBEL_MAYNARD_SOPHIE_474444_-0539189','Médecin',5309.67),('CORBEL_MAYNARD_SOPHIE_474444_-0539189_Médecin_31','ZONE_474045_-0545','CORBEL_MAYNARD_SOPHIE_474444_-0539189','Médecin',6572.63),('CORBEL_MAYNARD_SOPHIE_474444_-0539189_Médecin_86','ZONE_474135_-0503','CORBEL_MAYNARD_SOPHIE_474444_-0539189','Médecin',6218.75),('CORBEL_MAYNARD_SOPHIE_474444_-0539189_Médecin_91','ZONE_474135_-0517','CORBEL_MAYNARD_SOPHIE_474444_-0539189','Médecin',4301.9),('CORBEL_MAYNARD_SOPHIE_474444_-0539189_Médecin_96','ZONE_474135_-0531','CORBEL_MAYNARD_SOPHIE_474444_-0539189','Médecin',4160.12),('COURTOIS_SOPHIE_474604_-0554913_Médecin_431','ZONE_474585_-0559','COURTOIS_SOPHIE_474604_-0554913','Médecin',424.285),('DE_CASABIANCA_CATHERINE_474502_-053017_Médecin_351','ZONE_474495_-0531','DE_CASABIANCA_CATHERINE_474502_-053017','Médecin',69.5251),('DE_LEUZE_PIO_FRANCOIS_474459_-0536951_Médecin_291','ZONE_474405_-0531','DE_LEUZE_PIO_FRANCOIS_474459_-0536951','Médecin',1833.69),('DENIS_FRANCOIS_474508_-0523721_Médecin_1','ZONE_474045_-0461','DENIS_FRANCOIS_474508_-0523721','Médecin',10411.9),('DENIS_FRANCOIS_474508_-0523721_Médecin_11','ZONE_474045_-0489','DENIS_FRANCOIS_474508_-0523721','Médecin',8405.17),('DENIS_FRANCOIS_474508_-0523721_Médecin_146','ZONE_474225_-0475','DENIS_FRANCOIS_474508_-0523721','Médecin',9676.64),('DENIS_FRANCOIS_474508_-0523721_Médecin_206','ZONE_474315_-0489','DENIS_FRANCOIS_474508_-0523721','Médecin',3828.55),('DENIS_FRANCOIS_474508_-0523721_Médecin_211','ZONE_474315_-0503','DENIS_FRANCOIS_474508_-0523721','Médecin',3523.27),('DENIS_FRANCOIS_474508_-0523721_Médecin_216','ZONE_474315_-0517','DENIS_FRANCOIS_474508_-0523721','Médecin',2835.07),('DENIS_FRANCOIS_474508_-0523721_Médecin_276','ZONE_474405_-0489','DENIS_FRANCOIS_474508_-0523721','Médecin',2996.77),('DENIS_FRANCOIS_474508_-0523721_Médecin_281','ZONE_474405_-0503','DENIS_FRANCOIS_474508_-0523721','Médecin',2511.08),('DENIS_FRANCOIS_474508_-0523721_Médecin_286','ZONE_474405_-0517','DENIS_FRANCOIS_474508_-0523721','Médecin',1827.15),('DENIS_FRANCOIS_474508_-0523721_Médecin_346','ZONE_474495_-0517','DENIS_FRANCOIS_474508_-0523721','Médecin',836.595),('DENIS_FRANCOIS_474508_-0523721_Médecin_6','ZONE_474045_-0475','DENIS_FRANCOIS_474508_-0523721','Médecin',9429.87),('DENIS_FRANCOIS_474508_-0523721_Médecin_71','ZONE_474135_-0461','DENIS_FRANCOIS_474508_-0523721','Médecin',11906.1),('DENIS_FRANCOIS_474508_-0523721_Médecin_76','ZONE_474135_-0475','DENIS_FRANCOIS_474508_-0523721','Médecin',9676.64),('DENIS_FRANCOIS_474508_-0523721_Médecin_81','ZONE_474135_-0489','DENIS_FRANCOIS_474508_-0523721','Médecin',7905.29),('ESNAULT_ANNE_MARIE_474507_-0563156_Médecin_366','ZONE_474495_-0573','ESNAULT_ANNE_MARIE_474507_-0563156','Médecin',1073.88),('ESNAULT_ANNE_MARIE_474507_-0563156_Médecin_436','ZONE_474585_-0573','ESNAULT_ANNE_MARIE_474507_-0563156','Médecin',1375.68),('FORTIER_DAVID_474737_-0584973_Médecin_571','ZONE_474765_-0587','FORTIER_DAVID_474737_-0584973','Médecin',305.03),('GASPARD_MARIE_CHRISTINE_474792_-0544366_Médecin_610','ZONE_474855_-0545','GASPARD_MARIE_CHRISTINE_474792_-0544366','Médecin',877.288),('GERBAUD_ELSA_474666_-049352_Médecin_141','ZONE_474225_-0461','GERBAUD_ELSA_474666_-049352','Médecin',6364.46),('GERBAUD_ELSA_474666_-049352_Médecin_196','ZONE_474315_-0461','GERBAUD_ELSA_474666_-049352','Médecin',7621.47),('GERBAUD_ELSA_474666_-049352_Médecin_201','ZONE_474315_-0475','GERBAUD_ELSA_474666_-049352','Médecin',4751.43),('GERBAUD_ELSA_474666_-049352_Médecin_266','ZONE_474405_-0461','GERBAUD_ELSA_474666_-049352','Médecin',4245.52),('GERBAUD_ELSA_474666_-049352_Médecin_271','ZONE_474405_-0475','GERBAUD_ELSA_474666_-049352','Médecin',4236.06),('GERBAUD_ELSA_474666_-049352_Médecin_336','ZONE_474495_-0461','GERBAUD_ELSA_474666_-049352','Médecin',3608.61),('GERBAUD_ELSA_474666_-049352_Médecin_341','ZONE_474495_-0489','GERBAUD_ELSA_474666_-049352','Médecin',2812.2),('GERBAUD_ELSA_474666_-049352_Médecin_396','ZONE_474585_-0461','GERBAUD_ELSA_474666_-049352','Médecin',2807.43),('GERBAUD_ELSA_474666_-049352_Médecin_401','ZONE_474585_-0475','GERBAUD_ELSA_474666_-049352','Médecin',1900.02),('GERBAUD_ELSA_474666_-049352_Médecin_406','ZONE_474585_-0489','GERBAUD_ELSA_474666_-049352','Médecin',2253.48),('GERBAUD_ELSA_474666_-049352_Médecin_411','ZONE_474585_-0503','GERBAUD_ELSA_474666_-049352','Médecin',1079.92),('GERBAUD_ELSA_474666_-049352_Médecin_466','ZONE_474675_-0461','GERBAUD_ELSA_474666_-049352','Médecin',2894.68),('GERBAUD_ELSA_474666_-049352_Médecin_471','ZONE_474675_-0475','GERBAUD_ELSA_474666_-049352','Médecin',1538.08),('GERBAUD_ELSA_474666_-049352_Médecin_476','ZONE_474675_-0489','GERBAUD_ELSA_474666_-049352','Médecin',211.496),('GERBAUD_ELSA_474666_-049352_Médecin_481','ZONE_474675_-0503','GERBAUD_ELSA_474666_-049352','Médecin',774.006),('GERBAUD_ELSA_474666_-049352_Médecin_535','ZONE_474765_-0461','GERBAUD_ELSA_474666_-049352','Médecin',3767.55),('GERBAUD_ELSA_474666_-049352_Médecin_540','ZONE_474765_-0475','GERBAUD_ELSA_474666_-049352','Médecin',2449.97),('GERBAUD_ELSA_474666_-049352_Médecin_545','ZONE_474765_-0489','GERBAUD_ELSA_474666_-049352','Médecin',1469.77),('GERBAUD_ELSA_474666_-049352_Médecin_550','ZONE_474765_-0503','GERBAUD_ELSA_474666_-049352','Médecin',1745.74),('GERBAUD_ELSA_474666_-049352_Médecin_596','ZONE_474855_-0475','GERBAUD_ELSA_474666_-049352','Médecin',3210.08),('GERBAUD_ELSA_474666_-049352_Médecin_601','ZONE_474855_-0489','GERBAUD_ELSA_474666_-049352','Médecin',2814.58),('GHRAIRI_VASSEUR_FLORENCE_474446_-0540048_Médecin_296','ZONE_474405_-0545','GHRAIRI_VASSEUR_FLORENCE_474446_-0540048','Médecin',823.644),('GILARDEAU_CLAIRE_47531_-05278_Médecin_1002','ZONE_475395_-0559','GILARDEAU_CLAIRE_47531_-05278','Médecin',13915.6),('GILARDEAU_CLAIRE_47531_-05278_Médecin_1007','ZONE_475395_-0573','GILARDEAU_CLAIRE_47531_-05278','Médecin',14313.4),('GILARDEAU_CLAIRE_47531_-05278_Médecin_1012','ZONE_475395_-0587','GILARDEAU_CLAIRE_47531_-05278','Médecin',14869.3),('GILARDEAU_CLAIRE_47531_-05278_Médecin_1017','ZONE_475395_-0601','GILARDEAU_CLAIRE_47531_-05278','Médecin',16508.6),('GILARDEAU_CLAIRE_47531_-05278_Médecin_1022','ZONE_475395_-0615','GILARDEAU_CLAIRE_47531_-05278','Médecin',15885.4),('GILARDEAU_CLAIRE_47531_-05278_Médecin_792','ZONE_475125_-0517','GILARDEAU_CLAIRE_47531_-05278','Médecin',2468.07),('GILARDEAU_CLAIRE_47531_-05278_Médecin_847','ZONE_475215_-0503','GILARDEAU_CLAIRE_47531_-05278','Médecin',3056.46),('GILARDEAU_CLAIRE_47531_-05278_Médecin_852','ZONE_475215_-0517','GILARDEAU_CLAIRE_47531_-05278','Médecin',2206.75),('GILARDEAU_CLAIRE_47531_-05278_Médecin_857','ZONE_475215_-0531','GILARDEAU_CLAIRE_47531_-05278','Médecin',778.359),('GILARDEAU_CLAIRE_47531_-05278_Médecin_862','ZONE_475215_-0545','GILARDEAU_CLAIRE_47531_-05278','Médecin',577.759),('GILARDEAU_CLAIRE_47531_-05278_Médecin_867','ZONE_475215_-0559','GILARDEAU_CLAIRE_47531_-05278','Médecin',13458.4),('GILARDEAU_CLAIRE_47531_-05278_Médecin_912','ZONE_475305_-0503','GILARDEAU_CLAIRE_47531_-05278','Médecin',2990.2),('GILARDEAU_CLAIRE_47531_-05278_Médecin_917','ZONE_475305_-0517','GILARDEAU_CLAIRE_47531_-05278','Médecin',1012.86),('GILARDEAU_CLAIRE_47531_-05278_Médecin_922','ZONE_475305_-0531','GILARDEAU_CLAIRE_47531_-05278','Médecin',218.574),('GILARDEAU_CLAIRE_47531_-05278_Médecin_927','ZONE_475305_-0545','GILARDEAU_CLAIRE_47531_-05278','Médecin',13975.7),('GILARDEAU_CLAIRE_47531_-05278_Médecin_932','ZONE_475305_-0559','GILARDEAU_CLAIRE_47531_-05278','Médecin',13821.7),('GILARDEAU_CLAIRE_47531_-05278_Médecin_937','ZONE_475305_-0573','GILARDEAU_CLAIRE_47531_-05278','Médecin',13317.3),('GILARDEAU_CLAIRE_47531_-05278_Médecin_942','ZONE_475305_-0587','GILARDEAU_CLAIRE_47531_-05278','Médecin',13615.6),('GILARDEAU_CLAIRE_47531_-05278_Médecin_982','ZONE_475395_-0503','GILARDEAU_CLAIRE_47531_-05278','Médecin',3212.8),('GILARDEAU_CLAIRE_47531_-05278_Médecin_987','ZONE_475395_-0517','GILARDEAU_CLAIRE_47531_-05278','Médecin',1382.79),('GILARDEAU_CLAIRE_47531_-05278_Médecin_992','ZONE_475395_-0531','GILARDEAU_CLAIRE_47531_-05278','Médecin',880.662),('GILARDEAU_CLAIRE_47531_-05278_Médecin_997','ZONE_475395_-0545','GILARDEAU_CLAIRE_47531_-05278','Médecin',13975.7),('GOUILLET_CHRISTELLE_475154_-0473373_Médecin_591','ZONE_474855_-0461','GOUILLET_CHRISTELLE_475154_-0473373','Médecin',4439.73),('GOUILLET_CHRISTELLE_475154_-0473373_Médecin_647','ZONE_474945_-0461','GOUILLET_CHRISTELLE_475154_-0473373','Médecin',4439.73),('GOUILLET_CHRISTELLE_475154_-0473373_Médecin_652','ZONE_474945_-0475','GOUILLET_CHRISTELLE_475154_-0473373','Médecin',4534.67),('GOUILLET_CHRISTELLE_475154_-0473373_Médecin_657','ZONE_474945_-0489','GOUILLET_CHRISTELLE_475154_-0473373','Médecin',2828.29),('GOUILLET_CHRISTELLE_475154_-0473373_Médecin_711','ZONE_475035_-0461','GOUILLET_CHRISTELLE_475154_-0473373','Médecin',3199.48),('GOUILLET_CHRISTELLE_475154_-0473373_Médecin_713','ZONE_475035_-0475','GOUILLET_CHRISTELLE_475154_-0473373','Médecin',2564.87),('GOUILLET_CHRISTELLE_475154_-0473373_Médecin_715','ZONE_475035_-0489','GOUILLET_CHRISTELLE_475154_-0473373','Médecin',2293.64),('GOUILLET_CHRISTELLE_475154_-0473373_Médecin_772','ZONE_475125_-0461','GOUILLET_CHRISTELLE_475154_-0473373','Médecin',1704.68),('GOUILLET_CHRISTELLE_475154_-0473373_Médecin_777','ZONE_475125_-0475','GOUILLET_CHRISTELLE_475154_-0473373','Médecin',363.541),('GOUILLET_CHRISTELLE_475154_-0473373_Médecin_782','ZONE_475125_-0489','GOUILLET_CHRISTELLE_475154_-0473373','Médecin',1703.57),('GOUILLET_CHRISTELLE_475154_-0473373_Médecin_787','ZONE_475125_-0503','GOUILLET_CHRISTELLE_475154_-0473373','Médecin',3011.59),('GOUILLET_CHRISTELLE_475154_-0473373_Médecin_832','ZONE_475215_-0461','GOUILLET_CHRISTELLE_475154_-0473373','Médecin',1423.53),('GOUILLET_CHRISTELLE_475154_-0473373_Médecin_837','ZONE_475215_-0475','GOUILLET_CHRISTELLE_475154_-0473373','Médecin',1000.57),('GOUILLET_CHRISTELLE_475154_-0473373_Médecin_842','ZONE_475215_-0489','GOUILLET_CHRISTELLE_475154_-0473373','Médecin',1608.4),('GOUILLET_CHRISTELLE_475154_-0473373_Médecin_897','ZONE_475305_-0461','GOUILLET_CHRISTELLE_475154_-0473373','Médecin',2459.79),('GOUILLET_CHRISTELLE_475154_-0473373_Médecin_902','ZONE_475305_-0475','GOUILLET_CHRISTELLE_475154_-0473373','Médecin',2035.18),('GOUILLET_CHRISTELLE_475154_-0473373_Médecin_907','ZONE_475305_-0489','GOUILLET_CHRISTELLE_475154_-0473373','Médecin',2391.01),('GOUILLET_CHRISTELLE_475154_-0473373_Médecin_967','ZONE_475395_-0461','GOUILLET_CHRISTELLE_475154_-0473373','Médecin',4055.98),('GOUILLET_CHRISTELLE_475154_-0473373_Médecin_972','ZONE_475395_-0475','GOUILLET_CHRISTELLE_475154_-0473373','Médecin',4463.09),('GOUILLET_CHRISTELLE_475154_-0473373_Médecin_977','ZONE_475395_-0489','GOUILLET_CHRISTELLE_475154_-0473373','Médecin',4278.79),('GRANDE_PHARMACIE_474894_-0543821_Pharmacie_1001','ZONE_475395_-0545','GRANDE_PHARMACIE_474894_-0543821','Pharmacie',7407.66),('GRANDE_PHARMACIE_474894_-0543821_Pharmacie_1006','ZONE_475395_-0559','GRANDE_PHARMACIE_474894_-0543821','Pharmacie',7347.6),('GRANDE_PHARMACIE_474894_-0543821_Pharmacie_1011','ZONE_475395_-0573','GRANDE_PHARMACIE_474894_-0543821','Pharmacie',7805.95),('GRANDE_PHARMACIE_474894_-0543821_Pharmacie_675','ZONE_474945_-0545','GRANDE_PHARMACIE_474894_-0543821','Pharmacie',1250.6),('GRANDE_PHARMACIE_474894_-0543821_Pharmacie_680','ZONE_474945_-0559','GRANDE_PHARMACIE_474894_-0543821','Pharmacie',1584.54),('GRANDE_PHARMACIE_474894_-0543821_Pharmacie_736','ZONE_475035_-0545','GRANDE_PHARMACIE_474894_-0543821','Pharmacie',1083.32),('GRANDE_PHARMACIE_474894_-0543821_Pharmacie_741','ZONE_475035_-0559','GRANDE_PHARMACIE_474894_-0543821','Pharmacie',2681.94),('GRANDE_PHARMACIE_474894_-0543821_Pharmacie_806','ZONE_475125_-0545','GRANDE_PHARMACIE_474894_-0543821','Pharmacie',2145.48),('GRANDE_PHARMACIE_474894_-0543821_Pharmacie_861','ZONE_475215_-0531','GRANDE_PHARMACIE_474894_-0543821','Pharmacie',6091.4),('GRANDE_PHARMACIE_474894_-0543821_Pharmacie_866','ZONE_475215_-0545','GRANDE_PHARMACIE_474894_-0543821','Pharmacie',6783.23),('GRANDE_PHARMACIE_474894_-0543821_Pharmacie_871','ZONE_475215_-0559','GRANDE_PHARMACIE_474894_-0543821','Pharmacie',6890.34),('GRANDE_PHARMACIE_474894_-0543821_Pharmacie_926','ZONE_475305_-0531','GRANDE_PHARMACIE_474894_-0543821','Pharmacie',6702.96),('GRANDE_PHARMACIE_474894_-0543821_Pharmacie_931','ZONE_475305_-0545','GRANDE_PHARMACIE_474894_-0543821','Pharmacie',7407.66),('GRANDE_PHARMACIE_474894_-0543821_Pharmacie_936','ZONE_475305_-0559','GRANDE_PHARMACIE_474894_-0543821','Pharmacie',7253.66),('GRANDE_PHARMACIE_474894_-0543821_Pharmacie_941','ZONE_475305_-0573','GRANDE_PHARMACIE_474894_-0543821','Pharmacie',6749.27),('GRANDE_PHARMACIE_474894_-0543821_Pharmacie_996','ZONE_475395_-0531','GRANDE_PHARMACIE_474894_-0543821','Pharmacie',7271.01),('GRANDE_PHARMACIE_LA_ROSERAIE_474443_-0556674_Pharmacie_100','ZONE_474135_-0531','GRANDE_PHARMACIE_LA_ROSERAIE_474443_-0556674','Pharmacie',5707.01),('GRANDE_PHARMACIE_LA_ROSERAIE_474443_-0556674_Pharmacie_105','ZONE_474135_-0545','GRANDE_PHARMACIE_LA_ROSERAIE_474443_-0556674','Pharmacie',6706.53),('GRANDE_PHARMACIE_LA_ROSERAIE_474443_-0556674_Pharmacie_110','ZONE_474135_-0559','GRANDE_PHARMACIE_LA_ROSERAIE_474443_-0556674','Pharmacie',7510.04),('GRANDE_PHARMACIE_LA_ROSERAIE_474443_-0556674_Pharmacie_115','ZONE_474135_-0573','GRANDE_PHARMACIE_LA_ROSERAIE_474443_-0556674','Pharmacie',8290.25),('GRANDE_PHARMACIE_LA_ROSERAIE_474443_-0556674_Pharmacie_120','ZONE_474135_-0587','GRANDE_PHARMACIE_LA_ROSERAIE_474443_-0556674','Pharmacie',10272.9),('GRANDE_PHARMACIE_LA_ROSERAIE_474443_-0556674_Pharmacie_125','ZONE_474135_-0601','GRANDE_PHARMACIE_LA_ROSERAIE_474443_-0556674','Pharmacie',10863.5),('GRANDE_PHARMACIE_LA_ROSERAIE_474443_-0556674_Pharmacie_160','ZONE_474225_-0545','GRANDE_PHARMACIE_LA_ROSERAIE_474443_-0556674','Pharmacie',3952.14),('GRANDE_PHARMACIE_LA_ROSERAIE_474443_-0556674_Pharmacie_165','ZONE_474225_-0559','GRANDE_PHARMACIE_LA_ROSERAIE_474443_-0556674','Pharmacie',3381.09),('GRANDE_PHARMACIE_LA_ROSERAIE_474443_-0556674_Pharmacie_170','ZONE_474225_-0573','GRANDE_PHARMACIE_LA_ROSERAIE_474443_-0556674','Pharmacie',3980.98),('GRANDE_PHARMACIE_LA_ROSERAIE_474443_-0556674_Pharmacie_175','ZONE_474225_-0587','GRANDE_PHARMACIE_LA_ROSERAIE_474443_-0556674','Pharmacie',4376.31),('GRANDE_PHARMACIE_LA_ROSERAIE_474443_-0556674_Pharmacie_180','ZONE_474225_-0601','GRANDE_PHARMACIE_LA_ROSERAIE_474443_-0556674','Pharmacie',5602.6),('GRANDE_PHARMACIE_LA_ROSERAIE_474443_-0556674_Pharmacie_230','ZONE_474315_-0545','GRANDE_PHARMACIE_LA_ROSERAIE_474443_-0556674','Pharmacie',2958.19),('GRANDE_PHARMACIE_LA_ROSERAIE_474443_-0556674_Pharmacie_235','ZONE_474315_-0559','GRANDE_PHARMACIE_LA_ROSERAIE_474443_-0556674','Pharmacie',1992.94),('GRANDE_PHARMACIE_LA_ROSERAIE_474443_-0556674_Pharmacie_240','ZONE_474315_-0573','GRANDE_PHARMACIE_LA_ROSERAIE_474443_-0556674','Pharmacie',2741.65),('GRANDE_PHARMACIE_LA_ROSERAIE_474443_-0556674_Pharmacie_245','ZONE_474315_-0587','GRANDE_PHARMACIE_LA_ROSERAIE_474443_-0556674','Pharmacie',3951.43),('GRANDE_PHARMACIE_LA_ROSERAIE_474443_-0556674_Pharmacie_25','ZONE_474045_-0517','GRANDE_PHARMACIE_LA_ROSERAIE_474443_-0556674','Pharmacie',7635.54),('GRANDE_PHARMACIE_LA_ROSERAIE_474443_-0556674_Pharmacie_30','ZONE_474045_-0531','GRANDE_PHARMACIE_LA_ROSERAIE_474443_-0556674','Pharmacie',6856.55),('GRANDE_PHARMACIE_LA_ROSERAIE_474443_-0556674_Pharmacie_300','ZONE_474405_-0545','GRANDE_PHARMACIE_LA_ROSERAIE_474443_-0556674','Pharmacie',1515.94),('GRANDE_PHARMACIE_LA_ROSERAIE_474443_-0556674_Pharmacie_305','ZONE_474405_-0559','GRANDE_PHARMACIE_LA_ROSERAIE_474443_-0556674','Pharmacie',899.838),('GRANDE_PHARMACIE_LA_ROSERAIE_474443_-0556674_Pharmacie_310','ZONE_474405_-0573','GRANDE_PHARMACIE_LA_ROSERAIE_474443_-0556674','Pharmacie',2003.04),('GRANDE_PHARMACIE_LA_ROSERAIE_474443_-0556674_Pharmacie_315','ZONE_474405_-0587','GRANDE_PHARMACIE_LA_ROSERAIE_474443_-0556674','Pharmacie',3536.44),('GRANDE_PHARMACIE_LA_ROSERAIE_474443_-0556674_Pharmacie_35','ZONE_474045_-0545','GRANDE_PHARMACIE_LA_ROSERAIE_474443_-0556674','Pharmacie',8119.52),('GRANDE_PHARMACIE_LA_ROSERAIE_474443_-0556674_Pharmacie_365','ZONE_474495_-0559','GRANDE_PHARMACIE_LA_ROSERAIE_474443_-0556674','Pharmacie',1200.46),('GRANDE_PHARMACIE_LA_ROSERAIE_474443_-0556674_Pharmacie_370','ZONE_474495_-0573','GRANDE_PHARMACIE_LA_ROSERAIE_474443_-0556674','Pharmacie',1827.8),('GRANDE_PHARMACIE_LA_ROSERAIE_474443_-0556674_Pharmacie_40','ZONE_474045_-0559','GRANDE_PHARMACIE_LA_ROSERAIE_474443_-0556674','Pharmacie',9371.17),('GRANDE_PHARMACIE_LA_ROSERAIE_474443_-0556674_Pharmacie_45','ZONE_474045_-0573','GRANDE_PHARMACIE_LA_ROSERAIE_474443_-0556674','Pharmacie',10493.7),('GRANDE_PHARMACIE_LA_ROSERAIE_474443_-0556674_Pharmacie_50','ZONE_474045_-0587','GRANDE_PHARMACIE_LA_ROSERAIE_474443_-0556674','Pharmacie',10564.3),('GRANDE_PHARMACIE_LA_ROSERAIE_474443_-0556674_Pharmacie_55','ZONE_474045_-0601','GRANDE_PHARMACIE_LA_ROSERAIE_474443_-0556674','Pharmacie',11250.3),('GRANDE_PHARMACIE_LA_ROSERAIE_474443_-0556674_Pharmacie_60','ZONE_474045_-0615','GRANDE_PHARMACIE_LA_ROSERAIE_474443_-0556674','Pharmacie',12006.4),('Hôpital_Saint-Léonard_474528_-0525366_Santé_143','ZONE_474225_-0461','Hôpital_Saint-Léonard_474528_-0525366','Santé',5987.72),('Hôpital_Saint-Léonard_474528_-0525366_Santé_148','ZONE_474225_-0475','Hôpital_Saint-Léonard_474528_-0525366','Santé',10010.4),('Hôpital_Saint-Léonard_474528_-0525366_Santé_198','ZONE_474315_-0461','Hôpital_Saint-Léonard_474528_-0525366','Santé',7244.73),('Hôpital_Saint-Léonard_474528_-0525366_Santé_203','ZONE_474315_-0475','Hôpital_Saint-Léonard_474528_-0525366','Santé',4374.69),('Hôpital_Saint-Léonard_474528_-0525366_Santé_208','ZONE_474315_-0489','Hôpital_Saint-Léonard_474528_-0525366','Santé',4128.89),('Hôpital_Saint-Léonard_474528_-0525366_Santé_213','ZONE_474315_-0503','Hôpital_Saint-Léonard_474528_-0525366','Santé',3823.61),('Hôpital_Saint-Léonard_474528_-0525366_Santé_268','ZONE_474405_-0461','Hôpital_Saint-Léonard_474528_-0525366','Santé',5566.41),('Hôpital_Saint-Léonard_474528_-0525366_Santé_273','ZONE_474405_-0475','Hôpital_Saint-Léonard_474528_-0525366','Santé',4933.61),('Hôpital_Saint-Léonard_474528_-0525366_Santé_278','ZONE_474405_-0489','Hôpital_Saint-Léonard_474528_-0525366','Santé',3024.23),('Hôpital_Saint-Léonard_474528_-0525366_Santé_283','ZONE_474405_-0503','Hôpital_Saint-Léonard_474528_-0525366','Santé',2616.54),('Hôpital_Saint-Léonard_474528_-0525366_Santé_288','ZONE_474405_-0517','Hôpital_Saint-Léonard_474528_-0525366','Santé',2160.92),('Hôpital_Saint-Léonard_474528_-0525366_Santé_3','ZONE_474045_-0461','Hôpital_Saint-Léonard_474528_-0525366','Santé',10745.7),('Hôpital_Saint-Léonard_474528_-0525366_Santé_338','ZONE_474495_-0461','Hôpital_Saint-Léonard_474528_-0525366','Santé',5662.34),('Hôpital_Saint-Léonard_474528_-0525366_Santé_343','ZONE_474495_-0489','Hôpital_Saint-Léonard_474528_-0525366','Santé',2981.37),('Hôpital_Saint-Léonard_474528_-0525366_Santé_348','ZONE_474495_-0517','Hôpital_Saint-Léonard_474528_-0525366','Santé',1136.93),('Hôpital_Saint-Léonard_474528_-0525366_Santé_398','ZONE_474585_-0461','Hôpital_Saint-Léonard_474528_-0525366','Santé',5891.58),('Hôpital_Saint-Léonard_474528_-0525366_Santé_403','ZONE_474585_-0475','Hôpital_Saint-Léonard_474528_-0525366','Santé',4984.17),('Hôpital_Saint-Léonard_474528_-0525366_Santé_408','ZONE_474585_-0489','Hôpital_Saint-Léonard_474528_-0525366','Santé',4535.92),('Hôpital_Saint-Léonard_474528_-0525366_Santé_413','ZONE_474585_-0503','Hôpital_Saint-Léonard_474528_-0525366','Santé',2612.77),('Hôpital_Saint-Léonard_474528_-0525366_Santé_418','ZONE_474585_-0517','Hôpital_Saint-Léonard_474528_-0525366','Santé',1301.04),('Hôpital_Saint-Léonard_474528_-0525366_Santé_468','ZONE_474675_-0461','Hôpital_Saint-Léonard_474528_-0525366','Santé',6497.02),('Hôpital_Saint-Léonard_474528_-0525366_Santé_473','ZONE_474675_-0475','Hôpital_Saint-Léonard_474528_-0525366','Santé',5140.42),('Hôpital_Saint-Léonard_474528_-0525366_Santé_478','ZONE_474675_-0489','Hôpital_Saint-Léonard_474528_-0525366','Santé',3813.84),('Hôpital_Saint-Léonard_474528_-0525366_Santé_483','ZONE_474675_-0503','Hôpital_Saint-Léonard_474528_-0525366','Santé',3115.37),('Hôpital_Saint-Léonard_474528_-0525366_Santé_488','ZONE_474675_-0517','Hôpital_Saint-Léonard_474528_-0525366','Santé',2228.67),('Hôpital_Saint-Léonard_474528_-0525366_Santé_537','ZONE_474765_-0461','Hôpital_Saint-Léonard_474528_-0525366','Santé',7369.89),('Hôpital_Saint-Léonard_474528_-0525366_Santé_542','ZONE_474765_-0475','Hôpital_Saint-Léonard_474528_-0525366','Santé',5751.15),('Hôpital_Saint-Léonard_474528_-0525366_Santé_547','ZONE_474765_-0489','Hôpital_Saint-Léonard_474528_-0525366','Santé',4770.94),('Hôpital_Saint-Léonard_474528_-0525366_Santé_552','ZONE_474765_-0503','Hôpital_Saint-Léonard_474528_-0525366','Santé',4225.12),('Hôpital_Saint-Léonard_474528_-0525366_Santé_557','ZONE_474765_-0517','Hôpital_Saint-Léonard_474528_-0525366','Santé',2791.13),('Hôpital_Saint-Léonard_474528_-0525366_Santé_593','ZONE_474855_-0461','Hôpital_Saint-Léonard_474528_-0525366','Santé',8144.33),('Hôpital_Saint-Léonard_474528_-0525366_Santé_598','ZONE_474855_-0475','Hôpital_Saint-Léonard_474528_-0525366','Santé',6511.26),('Hôpital_Saint-Léonard_474528_-0525366_Santé_603','ZONE_474855_-0489','Hôpital_Saint-Léonard_474528_-0525366','Santé',5813.64),('Hôpital_Saint-Léonard_474528_-0525366_Santé_649','ZONE_474945_-0461','Hôpital_Saint-Léonard_474528_-0525366','Santé',8144.33),('Hôpital_Saint-Léonard_474528_-0525366_Santé_654','ZONE_474945_-0475','Hôpital_Saint-Léonard_474528_-0525366','Santé',6656.89),('Hôpital_Saint-Léonard_474528_-0525366_Santé_73','ZONE_474135_-0461','Hôpital_Saint-Léonard_474528_-0525366','Santé',12239.9),('Hôpital_Saint-Léonard_474528_-0525366_Santé_78','ZONE_474135_-0475','Hôpital_Saint-Léonard_474528_-0525366','Santé',10010.4),('Hôpital_Saint-Léonard_474528_-0525366_Santé_8','ZONE_474045_-0475','Hôpital_Saint-Léonard_474528_-0525366','Santé',9763.63),('Hôpital_Saint-Léonard_474528_-0525366_Santé_83','ZONE_474135_-0489','Hôpital_Saint-Léonard_474528_-0525366','Santé',8239.06),('HOUDAYER_JULIE_474721_-0586541_Médecin_510','ZONE_474675_-0587','HOUDAYER_JULIE_474721_-0586541','Médecin',647.972),('Institut_de_Cancérologie_de_l\'Ouest_-_Paul_Papin_474836_-0555927_Santé_1004','ZONE_475395_-0559','Institut_de_Cancérologie_de_l\'Ouest_-_Paul_Papin_474836_-0555927','Santé',7136.42),('Institut_de_Cancérologie_de_l\'Ouest_-_Paul_Papin_474836_-0555927_Santé_1009','ZONE_475395_-0573','Institut_de_Cancérologie_de_l\'Ouest_-_Paul_Papin_474836_-0555927','Santé',7594.77),('Institut_de_Cancérologie_de_l\'Ouest_-_Paul_Papin_474836_-0555927_Santé_1014','ZONE_475395_-0587','Institut_de_Cancérologie_de_l\'Ouest_-_Paul_Papin_474836_-0555927','Santé',8090.03),('Institut_de_Cancérologie_de_l\'Ouest_-_Paul_Papin_474836_-0555927_Santé_1019','ZONE_475395_-0601','Institut_de_Cancérologie_de_l\'Ouest_-_Paul_Papin_474836_-0555927','Santé',9729.36),('Institut_de_Cancérologie_de_l\'Ouest_-_Paul_Papin_474836_-0555927_Santé_1024','ZONE_475395_-0615','Institut_de_Cancérologie_de_l\'Ouest_-_Paul_Papin_474836_-0555927','Santé',9106.15),('Institut_de_Cancérologie_de_l\'Ouest_-_Paul_Papin_474836_-0555927_Santé_1029','ZONE_475395_-0629','Institut_de_Cancérologie_de_l\'Ouest_-_Paul_Papin_474836_-0555927','Santé',9647.46),('Institut_de_Cancérologie_de_l\'Ouest_-_Paul_Papin_474836_-0555927_Santé_1034','ZONE_475395_-0643','Institut_de_Cancérologie_de_l\'Ouest_-_Paul_Papin_474836_-0555927','Santé',9806.79),('Institut_de_Cancérologie_de_l\'Ouest_-_Paul_Papin_474836_-0555927_Santé_517','ZONE_474675_-0601','Institut_de_Cancérologie_de_l\'Ouest_-_Paul_Papin_474836_-0555927','Santé',5794.64),('Institut_de_Cancérologie_de_l\'Ouest_-_Paul_Papin_474836_-0555927_Santé_522','ZONE_474675_-0615','Institut_de_Cancérologie_de_l\'Ouest_-_Paul_Papin_474836_-0555927','Santé',7740.63),('Institut_de_Cancérologie_de_l\'Ouest_-_Paul_Papin_474836_-0555927_Santé_527','ZONE_474675_-0629','Institut_de_Cancérologie_de_l\'Ouest_-_Paul_Papin_474836_-0555927','Santé',7977.01),('Institut_de_Cancérologie_de_l\'Ouest_-_Paul_Papin_474836_-0555927_Santé_532','ZONE_474675_-0643','Institut_de_Cancérologie_de_l\'Ouest_-_Paul_Papin_474836_-0555927','Santé',10399.4),('Institut_de_Cancérologie_de_l\'Ouest_-_Paul_Papin_474836_-0555927_Santé_573','ZONE_474765_-0587','Institut_de_Cancérologie_de_l\'Ouest_-_Paul_Papin_474836_-0555927','Santé',3832.37),('Institut_de_Cancérologie_de_l\'Ouest_-_Paul_Papin_474836_-0555927_Santé_578','ZONE_474765_-0601','Institut_de_Cancérologie_de_l\'Ouest_-_Paul_Papin_474836_-0555927','Santé',5002.67),('Institut_de_Cancérologie_de_l\'Ouest_-_Paul_Papin_474836_-0555927_Santé_583','ZONE_474765_-0615','Institut_de_Cancérologie_de_l\'Ouest_-_Paul_Papin_474836_-0555927','Santé',5996.28),('Institut_de_Cancérologie_de_l\'Ouest_-_Paul_Papin_474836_-0555927_Santé_588','ZONE_474765_-0643','Institut_de_Cancérologie_de_l\'Ouest_-_Paul_Papin_474836_-0555927','Santé',8034.39),('Institut_de_Cancérologie_de_l\'Ouest_-_Paul_Papin_474836_-0555927_Santé_614','ZONE_474855_-0559','Institut_de_Cancérologie_de_l\'Ouest_-_Paul_Papin_474836_-0555927','Santé',800.734),('Institut_de_Cancérologie_de_l\'Ouest_-_Paul_Papin_474836_-0555927_Santé_619','ZONE_474855_-0573','Institut_de_Cancérologie_de_l\'Ouest_-_Paul_Papin_474836_-0555927','Santé',2515.25),('Institut_de_Cancérologie_de_l\'Ouest_-_Paul_Papin_474836_-0555927_Santé_624','ZONE_474855_-0587','Institut_de_Cancérologie_de_l\'Ouest_-_Paul_Papin_474836_-0555927','Santé',3873.66),('Institut_de_Cancérologie_de_l\'Ouest_-_Paul_Papin_474836_-0555927_Santé_629','ZONE_474855_-0601','Institut_de_Cancérologie_de_l\'Ouest_-_Paul_Papin_474836_-0555927','Santé',4764.76),('Institut_de_Cancérologie_de_l\'Ouest_-_Paul_Papin_474836_-0555927_Santé_634','ZONE_474855_-0615','Institut_de_Cancérologie_de_l\'Ouest_-_Paul_Papin_474836_-0555927','Santé',6923.24),('Institut_de_Cancérologie_de_l\'Ouest_-_Paul_Papin_474836_-0555927_Santé_639','ZONE_474855_-0629','Institut_de_Cancérologie_de_l\'Ouest_-_Paul_Papin_474836_-0555927','Santé',8124.77),('Institut_de_Cancérologie_de_l\'Ouest_-_Paul_Papin_474836_-0555927_Santé_644','ZONE_474855_-0643','Institut_de_Cancérologie_de_l\'Ouest_-_Paul_Papin_474836_-0555927','Santé',8745.41),('Institut_de_Cancérologie_de_l\'Ouest_-_Paul_Papin_474836_-0555927_Santé_663','ZONE_474945_-0517','Institut_de_Cancérologie_de_l\'Ouest_-_Paul_Papin_474836_-0555927','Santé',5557.71),('Institut_de_Cancérologie_de_l\'Ouest_-_Paul_Papin_474836_-0555927_Santé_668','ZONE_474945_-0531','Institut_de_Cancérologie_de_l\'Ouest_-_Paul_Papin_474836_-0555927','Santé',3729.33),('Institut_de_Cancérologie_de_l\'Ouest_-_Paul_Papin_474836_-0555927_Santé_673','ZONE_474945_-0545','Institut_de_Cancérologie_de_l\'Ouest_-_Paul_Papin_474836_-0555927','Santé',1640.13),('Institut_de_Cancérologie_de_l\'Ouest_-_Paul_Papin_474836_-0555927_Santé_678','ZONE_474945_-0559','Institut_de_Cancérologie_de_l\'Ouest_-_Paul_Papin_474836_-0555927','Santé',1830.4),('Institut_de_Cancérologie_de_l\'Ouest_-_Paul_Papin_474836_-0555927_Santé_683','ZONE_474945_-0573','Institut_de_Cancérologie_de_l\'Ouest_-_Paul_Papin_474836_-0555927','Santé',2339.21),('Institut_de_Cancérologie_de_l\'Ouest_-_Paul_Papin_474836_-0555927_Santé_688','ZONE_474945_-0587','Institut_de_Cancérologie_de_l\'Ouest_-_Paul_Papin_474836_-0555927','Santé',3877.17),('Institut_de_Cancérologie_de_l\'Ouest_-_Paul_Papin_474836_-0555927_Santé_693','ZONE_474945_-0601','Institut_de_Cancérologie_de_l\'Ouest_-_Paul_Papin_474836_-0555927','Santé',4832.21),('Institut_de_Cancérologie_de_l\'Ouest_-_Paul_Papin_474836_-0555927_Santé_698','ZONE_474945_-0615','Institut_de_Cancérologie_de_l\'Ouest_-_Paul_Papin_474836_-0555927','Santé',6486.8),('Institut_de_Cancérologie_de_l\'Ouest_-_Paul_Papin_474836_-0555927_Santé_703','ZONE_474945_-0629','Institut_de_Cancérologie_de_l\'Ouest_-_Paul_Papin_474836_-0555927','Santé',18302.3),('Institut_de_Cancérologie_de_l\'Ouest_-_Paul_Papin_474836_-0555927_Santé_708','ZONE_474945_-0643','Institut_de_Cancérologie_de_l\'Ouest_-_Paul_Papin_474836_-0555927','Santé',10035.6),('Institut_de_Cancérologie_de_l\'Ouest_-_Paul_Papin_474836_-0555927_Santé_719','ZONE_475035_-0503','Institut_de_Cancérologie_de_l\'Ouest_-_Paul_Papin_474836_-0555927','Santé',6053.89),('Institut_de_Cancérologie_de_l\'Ouest_-_Paul_Papin_474836_-0555927_Santé_724','ZONE_475035_-0517','Institut_de_Cancérologie_de_l\'Ouest_-_Paul_Papin_474836_-0555927','Santé',5270.2),('Institut_de_Cancérologie_de_l\'Ouest_-_Paul_Papin_474836_-0555927_Santé_729','ZONE_475035_-0531','Institut_de_Cancérologie_de_l\'Ouest_-_Paul_Papin_474836_-0555927','Santé',4100.58),('Institut_de_Cancérologie_de_l\'Ouest_-_Paul_Papin_474836_-0555927_Santé_734','ZONE_475035_-0545','Institut_de_Cancérologie_de_l\'Ouest_-_Paul_Papin_474836_-0555927','Santé',1472.84),('Institut_de_Cancérologie_de_l\'Ouest_-_Paul_Papin_474836_-0555927_Santé_739','ZONE_475035_-0559','Institut_de_Cancérologie_de_l\'Ouest_-_Paul_Papin_474836_-0555927','Santé',3071.46),('Institut_de_Cancérologie_de_l\'Ouest_-_Paul_Papin_474836_-0555927_Santé_744','ZONE_475035_-0573','Institut_de_Cancérologie_de_l\'Ouest_-_Paul_Papin_474836_-0555927','Santé',3719.03),('Institut_de_Cancérologie_de_l\'Ouest_-_Paul_Papin_474836_-0555927_Santé_749','ZONE_475035_-0587','Institut_de_Cancérologie_de_l\'Ouest_-_Paul_Papin_474836_-0555927','Santé',3979.68),('Institut_de_Cancérologie_de_l\'Ouest_-_Paul_Papin_474836_-0555927_Santé_754','ZONE_475035_-0601','Institut_de_Cancérologie_de_l\'Ouest_-_Paul_Papin_474836_-0555927','Santé',5311.56),('Institut_de_Cancérologie_de_l\'Ouest_-_Paul_Papin_474836_-0555927_Santé_759','ZONE_475035_-0615','Institut_de_Cancérologie_de_l\'Ouest_-_Paul_Papin_474836_-0555927','Santé',6674.55),('Institut_de_Cancérologie_de_l\'Ouest_-_Paul_Papin_474836_-0555927_Santé_764','ZONE_475035_-0629','Institut_de_Cancérologie_de_l\'Ouest_-_Paul_Papin_474836_-0555927','Santé',6794.7),('Institut_de_Cancérologie_de_l\'Ouest_-_Paul_Papin_474836_-0555927_Santé_769','ZONE_475035_-0643','Institut_de_Cancérologie_de_l\'Ouest_-_Paul_Papin_474836_-0555927','Santé',10035.6),('Institut_de_Cancérologie_de_l\'Ouest_-_Paul_Papin_474836_-0555927_Santé_774','ZONE_475125_-0461','Institut_de_Cancérologie_de_l\'Ouest_-_Paul_Papin_474836_-0555927','Santé',9335.83),('Institut_de_Cancérologie_de_l\'Ouest_-_Paul_Papin_474836_-0555927_Santé_779','ZONE_475125_-0475','Institut_de_Cancérologie_de_l\'Ouest_-_Paul_Papin_474836_-0555927','Santé',8796.96),('Institut_de_Cancérologie_de_l\'Ouest_-_Paul_Papin_474836_-0555927_Santé_784','ZONE_475125_-0489','Institut_de_Cancérologie_de_l\'Ouest_-_Paul_Papin_474836_-0555927','Santé',7161.05),('Institut_de_Cancérologie_de_l\'Ouest_-_Paul_Papin_474836_-0555927_Santé_789','ZONE_475125_-0503','Institut_de_Cancérologie_de_l\'Ouest_-_Paul_Papin_474836_-0555927','Santé',6391.35),('Institut_de_Cancérologie_de_l\'Ouest_-_Paul_Papin_474836_-0555927_Santé_794','ZONE_475125_-0517','Institut_de_Cancérologie_de_l\'Ouest_-_Paul_Papin_474836_-0555927','Santé',5871.85),('Institut_de_Cancérologie_de_l\'Ouest_-_Paul_Papin_474836_-0555927_Santé_799','ZONE_475125_-0531','Institut_de_Cancérologie_de_l\'Ouest_-_Paul_Papin_474836_-0555927','Santé',5155.29),('Institut_de_Cancérologie_de_l\'Ouest_-_Paul_Papin_474836_-0555927_Santé_804','ZONE_475125_-0545','Institut_de_Cancérologie_de_l\'Ouest_-_Paul_Papin_474836_-0555927','Santé',2535),('Institut_de_Cancérologie_de_l\'Ouest_-_Paul_Papin_474836_-0555927_Santé_809','ZONE_475125_-0587','Institut_de_Cancérologie_de_l\'Ouest_-_Paul_Papin_474836_-0555927','Santé',5255.61),('Institut_de_Cancérologie_de_l\'Ouest_-_Paul_Papin_474836_-0555927_Santé_814','ZONE_475125_-0601','Institut_de_Cancérologie_de_l\'Ouest_-_Paul_Papin_474836_-0555927','Santé',5669.01),('Institut_de_Cancérologie_de_l\'Ouest_-_Paul_Papin_474836_-0555927_Santé_819','ZONE_475125_-0615','Institut_de_Cancérologie_de_l\'Ouest_-_Paul_Papin_474836_-0555927','Santé',6811.83),('Institut_de_Cancérologie_de_l\'Ouest_-_Paul_Papin_474836_-0555927_Santé_824','ZONE_475125_-0629','Institut_de_Cancérologie_de_l\'Ouest_-_Paul_Papin_474836_-0555927','Santé',8898.22),('Institut_de_Cancérologie_de_l\'Ouest_-_Paul_Papin_474836_-0555927_Santé_829','ZONE_475125_-0643','Institut_de_Cancérologie_de_l\'Ouest_-_Paul_Papin_474836_-0555927','Santé',8898.22),('Institut_de_Cancérologie_de_l\'Ouest_-_Paul_Papin_474836_-0555927_Santé_834','ZONE_475215_-0461','Institut_de_Cancérologie_de_l\'Ouest_-_Paul_Papin_474836_-0555927','Santé',9878.62),('Institut_de_Cancérologie_de_l\'Ouest_-_Paul_Papin_474836_-0555927_Santé_839','ZONE_475215_-0475','Institut_de_Cancérologie_de_l\'Ouest_-_Paul_Papin_474836_-0555927','Santé',8841.59),('Institut_de_Cancérologie_de_l\'Ouest_-_Paul_Papin_474836_-0555927_Santé_844','ZONE_475215_-0489','Institut_de_Cancérologie_de_l\'Ouest_-_Paul_Papin_474836_-0555927','Santé',8627.83),('Institut_de_Cancérologie_de_l\'Ouest_-_Paul_Papin_474836_-0555927_Santé_849','ZONE_475215_-0503','Institut_de_Cancérologie_de_l\'Ouest_-_Paul_Papin_474836_-0555927','Santé',7350.22),('Institut_de_Cancérologie_de_l\'Ouest_-_Paul_Papin_474836_-0555927_Santé_854','ZONE_475215_-0517','Institut_de_Cancérologie_de_l\'Ouest_-_Paul_Papin_474836_-0555927','Santé',6953.91),('Institut_de_Cancérologie_de_l\'Ouest_-_Paul_Papin_474836_-0555927_Santé_859','ZONE_475215_-0531','Institut_de_Cancérologie_de_l\'Ouest_-_Paul_Papin_474836_-0555927','Santé',7869.95),('Institut_de_Cancérologie_de_l\'Ouest_-_Paul_Papin_474836_-0555927_Santé_864','ZONE_475215_-0545','Institut_de_Cancérologie_de_l\'Ouest_-_Paul_Papin_474836_-0555927','Santé',8561.79),('Institut_de_Cancérologie_de_l\'Ouest_-_Paul_Papin_474836_-0555927_Santé_869','ZONE_475215_-0559','Institut_de_Cancérologie_de_l\'Ouest_-_Paul_Papin_474836_-0555927','Santé',6679.15),('Institut_de_Cancérologie_de_l\'Ouest_-_Paul_Papin_474836_-0555927_Santé_874','ZONE_475215_-0573','Institut_de_Cancérologie_de_l\'Ouest_-_Paul_Papin_474836_-0555927','Santé',5184.38),('Institut_de_Cancérologie_de_l\'Ouest_-_Paul_Papin_474836_-0555927_Santé_879','ZONE_475215_-0587','Institut_de_Cancérologie_de_l\'Ouest_-_Paul_Papin_474836_-0555927','Santé',6598.4),('Institut_de_Cancérologie_de_l\'Ouest_-_Paul_Papin_474836_-0555927_Santé_884','ZONE_475215_-0601','Institut_de_Cancérologie_de_l\'Ouest_-_Paul_Papin_474836_-0555927','Santé',6746.41),('Institut_de_Cancérologie_de_l\'Ouest_-_Paul_Papin_474836_-0555927_Santé_889','ZONE_475215_-0615','Institut_de_Cancérologie_de_l\'Ouest_-_Paul_Papin_474836_-0555927','Santé',7197.81),('Institut_de_Cancérologie_de_l\'Ouest_-_Paul_Papin_474836_-0555927_Santé_894','ZONE_475215_-0643','Institut_de_Cancérologie_de_l\'Ouest_-_Paul_Papin_474836_-0555927','Santé',11327.8),('Institut_de_Cancérologie_de_l\'Ouest_-_Paul_Papin_474836_-0555927_Santé_899','ZONE_475305_-0461','Institut_de_Cancérologie_de_l\'Ouest_-_Paul_Papin_474836_-0555927','Santé',10493.5),('Institut_de_Cancérologie_de_l\'Ouest_-_Paul_Papin_474836_-0555927_Santé_904','ZONE_475305_-0475','Institut_de_Cancérologie_de_l\'Ouest_-_Paul_Papin_474836_-0555927','Santé',9396.68),('Institut_de_Cancérologie_de_l\'Ouest_-_Paul_Papin_474836_-0555927_Santé_909','ZONE_475305_-0489','Institut_de_Cancérologie_de_l\'Ouest_-_Paul_Papin_474836_-0555927','Santé',9438.88),('Institut_de_Cancérologie_de_l\'Ouest_-_Paul_Papin_474836_-0555927_Santé_914','ZONE_475305_-0503','Institut_de_Cancérologie_de_l\'Ouest_-_Paul_Papin_474836_-0555927','Santé',8197.15),('Institut_de_Cancérologie_de_l\'Ouest_-_Paul_Papin_474836_-0555927_Santé_919','ZONE_475305_-0517','Institut_de_Cancérologie_de_l\'Ouest_-_Paul_Papin_474836_-0555927','Santé',8123.84),('Institut_de_Cancérologie_de_l\'Ouest_-_Paul_Papin_474836_-0555927_Santé_924','ZONE_475305_-0531','Institut_de_Cancérologie_de_l\'Ouest_-_Paul_Papin_474836_-0555927','Santé',8481.51),('Institut_de_Cancérologie_de_l\'Ouest_-_Paul_Papin_474836_-0555927_Santé_929','ZONE_475305_-0545','Institut_de_Cancérologie_de_l\'Ouest_-_Paul_Papin_474836_-0555927','Santé',7196.48),('Institut_de_Cancérologie_de_l\'Ouest_-_Paul_Papin_474836_-0555927_Santé_934','ZONE_475305_-0559','Institut_de_Cancérologie_de_l\'Ouest_-_Paul_Papin_474836_-0555927','Santé',7042.48),('Institut_de_Cancérologie_de_l\'Ouest_-_Paul_Papin_474836_-0555927_Santé_939','ZONE_475305_-0573','Institut_de_Cancérologie_de_l\'Ouest_-_Paul_Papin_474836_-0555927','Santé',6538.09),('Institut_de_Cancérologie_de_l\'Ouest_-_Paul_Papin_474836_-0555927_Santé_944','ZONE_475305_-0587','Institut_de_Cancérologie_de_l\'Ouest_-_Paul_Papin_474836_-0555927','Santé',6836.34),('Institut_de_Cancérologie_de_l\'Ouest_-_Paul_Papin_474836_-0555927_Santé_949','ZONE_475305_-0601','Institut_de_Cancérologie_de_l\'Ouest_-_Paul_Papin_474836_-0555927','Santé',7845.85),('Institut_de_Cancérologie_de_l\'Ouest_-_Paul_Papin_474836_-0555927_Santé_954','ZONE_475305_-0615','Institut_de_Cancérologie_de_l\'Ouest_-_Paul_Papin_474836_-0555927','Santé',8440.97),('Institut_de_Cancérologie_de_l\'Ouest_-_Paul_Papin_474836_-0555927_Santé_959','ZONE_475305_-0629','Institut_de_Cancérologie_de_l\'Ouest_-_Paul_Papin_474836_-0555927','Santé',8537.09),('Institut_de_Cancérologie_de_l\'Ouest_-_Paul_Papin_474836_-0555927_Santé_964','ZONE_475305_-0643','Institut_de_Cancérologie_de_l\'Ouest_-_Paul_Papin_474836_-0555927','Santé',10920.9),('Institut_de_Cancérologie_de_l\'Ouest_-_Paul_Papin_474836_-0555927_Santé_969','ZONE_475395_-0461','Institut_de_Cancérologie_de_l\'Ouest_-_Paul_Papin_474836_-0555927','Santé',12089.6),('Institut_de_Cancérologie_de_l\'Ouest_-_Paul_Papin_474836_-0555927_Santé_974','ZONE_475395_-0475','Institut_de_Cancérologie_de_l\'Ouest_-_Paul_Papin_474836_-0555927','Santé',11341.1),('Institut_de_Cancérologie_de_l\'Ouest_-_Paul_Papin_474836_-0555927_Santé_979','ZONE_475395_-0489','Institut_de_Cancérologie_de_l\'Ouest_-_Paul_Papin_474836_-0555927','Santé',10310.4),('Institut_de_Cancérologie_de_l\'Ouest_-_Paul_Papin_474836_-0555927_Santé_984','ZONE_475395_-0503','Institut_de_Cancérologie_de_l\'Ouest_-_Paul_Papin_474836_-0555927','Santé',8799.02),('Institut_de_Cancérologie_de_l\'Ouest_-_Paul_Papin_474836_-0555927_Santé_989','ZONE_475395_-0517','Institut_de_Cancérologie_de_l\'Ouest_-_Paul_Papin_474836_-0555927','Santé',9158.76),('Institut_de_Cancérologie_de_l\'Ouest_-_Paul_Papin_474836_-0555927_Santé_994','ZONE_475395_-0531','Institut_de_Cancérologie_de_l\'Ouest_-_Paul_Papin_474836_-0555927','Santé',9049.57),('Institut_de_Cancérologie_de_l\'Ouest_-_Paul_Papin_474836_-0555927_Santé_999','ZONE_475395_-0545','Institut_de_Cancérologie_de_l\'Ouest_-_Paul_Papin_474836_-0555927','Santé',7196.48),('LEHUGEUR_MATHILDE_474763_-0598478_Médecin_1027','ZONE_475395_-0629','LEHUGEUR_MATHILDE_474763_-0598478','Médecin',11100.9),('LEHUGEUR_MATHILDE_474763_-0598478_Médecin_1032','ZONE_475395_-0643','LEHUGEUR_MATHILDE_474763_-0598478','Médecin',11260.2),('LEHUGEUR_MATHILDE_474763_-0598478_Médecin_520','ZONE_474675_-0615','LEHUGEUR_MATHILDE_474763_-0598478','Médecin',3473.8),('LEHUGEUR_MATHILDE_474763_-0598478_Médecin_525','ZONE_474675_-0629','LEHUGEUR_MATHILDE_474763_-0598478','Médecin',3872.62),('LEHUGEUR_MATHILDE_474763_-0598478_Médecin_530','ZONE_474675_-0643','LEHUGEUR_MATHILDE_474763_-0598478','Médecin',6262.85),('LEHUGEUR_MATHILDE_474763_-0598478_Médecin_576','ZONE_474765_-0601','LEHUGEUR_MATHILDE_474763_-0598478','Médecin',315.011),('LEHUGEUR_MATHILDE_474763_-0598478_Médecin_581','ZONE_474765_-0615','LEHUGEUR_MATHILDE_474763_-0598478','Médecin',1697.78),('LEHUGEUR_MATHILDE_474763_-0598478_Médecin_586','ZONE_474765_-0643','LEHUGEUR_MATHILDE_474763_-0598478','Médecin',3767.57),('LEHUGEUR_MATHILDE_474763_-0598478_Médecin_627','ZONE_474855_-0601','LEHUGEUR_MATHILDE_474763_-0598478','Médecin',5089.01),('LEHUGEUR_MATHILDE_474763_-0598478_Médecin_632','ZONE_474855_-0615','LEHUGEUR_MATHILDE_474763_-0598478','Médecin',2624.74),('LEHUGEUR_MATHILDE_474763_-0598478_Médecin_637','ZONE_474855_-0629','LEHUGEUR_MATHILDE_474763_-0598478','Médecin',3826.27),('LEHUGEUR_MATHILDE_474763_-0598478_Médecin_642','ZONE_474855_-0643','LEHUGEUR_MATHILDE_474763_-0598478','Médecin',4478.59),('LEHUGEUR_MATHILDE_474763_-0598478_Médecin_691','ZONE_474945_-0601','LEHUGEUR_MATHILDE_474763_-0598478','Médecin',5287.04),('LEHUGEUR_MATHILDE_474763_-0598478_Médecin_696','ZONE_474945_-0615','LEHUGEUR_MATHILDE_474763_-0598478','Médecin',9387.33),('LEHUGEUR_MATHILDE_474763_-0598478_Médecin_701','ZONE_474945_-0629','LEHUGEUR_MATHILDE_474763_-0598478','Médecin',14165.7),('LEHUGEUR_MATHILDE_474763_-0598478_Médecin_706','ZONE_474945_-0643','LEHUGEUR_MATHILDE_474763_-0598478','Médecin',5889.91),('LEHUGEUR_MATHILDE_474763_-0598478_Médecin_752','ZONE_475035_-0601','LEHUGEUR_MATHILDE_474763_-0598478','Médecin',6724.42),('LEHUGEUR_MATHILDE_474763_-0598478_Médecin_757','ZONE_475035_-0615','LEHUGEUR_MATHILDE_474763_-0598478','Médecin',5681.61),('LEHUGEUR_MATHILDE_474763_-0598478_Médecin_762','ZONE_475035_-0629','LEHUGEUR_MATHILDE_474763_-0598478','Médecin',5216.19),('LEHUGEUR_MATHILDE_474763_-0598478_Médecin_767','ZONE_475035_-0643','LEHUGEUR_MATHILDE_474763_-0598478','Médecin',5889.91),('LEHUGEUR_MATHILDE_474763_-0598478_Médecin_817','ZONE_475125_-0615','LEHUGEUR_MATHILDE_474763_-0598478','Médecin',7788.78),('LEHUGEUR_MATHILDE_474763_-0598478_Médecin_822','ZONE_475125_-0629','LEHUGEUR_MATHILDE_474763_-0598478','Médecin',8658.81),('LEHUGEUR_MATHILDE_474763_-0598478_Médecin_827','ZONE_475125_-0643','LEHUGEUR_MATHILDE_474763_-0598478','Médecin',8658.81),('LEHUGEUR_MATHILDE_474763_-0598478_Médecin_892','ZONE_475215_-0643','LEHUGEUR_MATHILDE_474763_-0598478','Médecin',11467.8),('LEHUGEUR_MATHILDE_474763_-0598478_Médecin_957','ZONE_475305_-0629','LEHUGEUR_MATHILDE_474763_-0598478','Médecin',9990.54),('LEHUGEUR_MATHILDE_474763_-0598478_Médecin_962','ZONE_475305_-0643','LEHUGEUR_MATHILDE_474763_-0598478','Médecin',11061),('LELIEVRE_AUDE_474725_-0520069_Médecin_486','ZONE_474675_-0517','LELIEVRE_AUDE_474725_-0520069','Médecin',700.166),('LELIEVRE_AUDE_474725_-0520069_Médecin_555','ZONE_474765_-0517','LELIEVRE_AUDE_474725_-0520069','Médecin',498.979),('Médiathèque_Toussaint_474692_-0557096_Bibliothèque_427','ZONE_474585_-0545','Médiathèque_Toussaint_474692_-0557096','Bibliothèque',1676.67),('Médiathèque_Toussaint_474692_-0557096_Bibliothèque_432','ZONE_474585_-0559','Médiathèque_Toussaint_474692_-0557096','Bibliothèque',1571.37),('Médiathèque_Toussaint_474692_-0557096_Bibliothèque_497','ZONE_474675_-0545','Médiathèque_Toussaint_474692_-0557096','Bibliothèque',1439.4),('Médiathèque_Toussaint_474692_-0557096_Bibliothèque_501','ZONE_474675_-0559','Médiathèque_Toussaint_474692_-0557096','Bibliothèque',178.514),('Médiathèque_Toussaint_474692_-0557096_Bibliothèque_506','ZONE_474675_-0573','Médiathèque_Toussaint_474692_-0557096','Bibliothèque',1435.1),('NAVE_GENEVIEVE_474762_-0535702_Médecin_560','ZONE_474765_-0531','NAVE_GENEVIEVE_474762_-0535702','Médecin',886.535),('PHARMACIE_BEAUTE_474606_-0615737_Pharmacie_130','ZONE_474135_-0615','PHARMACIE_BEAUTE_474606_-0615737','Pharmacie',6394.23),('PHARMACIE_BEAUTE_474606_-0615737_Pharmacie_135','ZONE_474135_-0629','PHARMACIE_BEAUTE_474606_-0615737','Pharmacie',7623.7),('PHARMACIE_BEAUTE_474606_-0615737_Pharmacie_140','ZONE_474135_-0643','PHARMACIE_BEAUTE_474606_-0615737','Pharmacie',7438.16),('PHARMACIE_BEAUTE_474606_-0615737_Pharmacie_185','ZONE_474225_-0615','PHARMACIE_BEAUTE_474606_-0615737','Pharmacie',5818.64),('PHARMACIE_BEAUTE_474606_-0615737_Pharmacie_190','ZONE_474225_-0629','PHARMACIE_BEAUTE_474606_-0615737','Pharmacie',6819.83),('PHARMACIE_BEAUTE_474606_-0615737_Pharmacie_195','ZONE_474225_-0643','PHARMACIE_BEAUTE_474606_-0615737','Pharmacie',6364.11),('PHARMACIE_BEAUTE_474606_-0615737_Pharmacie_250','ZONE_474315_-0601','PHARMACIE_BEAUTE_474606_-0615737','Pharmacie',4029.18),('PHARMACIE_BEAUTE_474606_-0615737_Pharmacie_255','ZONE_474315_-0615','PHARMACIE_BEAUTE_474606_-0615737','Pharmacie',3989.55),('PHARMACIE_BEAUTE_474606_-0615737_Pharmacie_260','ZONE_474315_-0629','PHARMACIE_BEAUTE_474606_-0615737','Pharmacie',6751.23),('PHARMACIE_BEAUTE_474606_-0615737_Pharmacie_265','ZONE_474315_-0643','PHARMACIE_BEAUTE_474606_-0615737','Pharmacie',5088.59),('PHARMACIE_BEAUTE_474606_-0615737_Pharmacie_320','ZONE_474405_-0601','PHARMACIE_BEAUTE_474606_-0615737','Pharmacie',3007.82),('PHARMACIE_BEAUTE_474606_-0615737_Pharmacie_325','ZONE_474405_-0615','PHARMACIE_BEAUTE_474606_-0615737','Pharmacie',2777.82),('PHARMACIE_BEAUTE_474606_-0615737_Pharmacie_330','ZONE_474405_-0629','PHARMACIE_BEAUTE_474606_-0615737','Pharmacie',3334.95),('PHARMACIE_BEAUTE_474606_-0615737_Pharmacie_335','ZONE_474405_-0643','PHARMACIE_BEAUTE_474606_-0615737','Pharmacie',4858.35),('PHARMACIE_BEAUTE_474606_-0615737_Pharmacie_380','ZONE_474495_-0601','PHARMACIE_BEAUTE_474606_-0615737','Pharmacie',2582.85),('PHARMACIE_BEAUTE_474606_-0615737_Pharmacie_385','ZONE_474495_-0615','PHARMACIE_BEAUTE_474606_-0615737','Pharmacie',1589.2),('PHARMACIE_BEAUTE_474606_-0615737_Pharmacie_390','ZONE_474495_-0629','PHARMACIE_BEAUTE_474606_-0615737','Pharmacie',3232.57),('PHARMACIE_BEAUTE_474606_-0615737_Pharmacie_395','ZONE_474495_-0643','PHARMACIE_BEAUTE_474606_-0615737','Pharmacie',3946.67),('PHARMACIE_BEAUTE_474606_-0615737_Pharmacie_455','ZONE_474585_-0615','PHARMACIE_BEAUTE_474606_-0615737','Pharmacie',314.788),('PHARMACIE_BEAUTE_474606_-0615737_Pharmacie_460','ZONE_474585_-0629','PHARMACIE_BEAUTE_474606_-0615737','Pharmacie',1272.21),('PHARMACIE_BEAUTE_474606_-0615737_Pharmacie_465','ZONE_474585_-0643','PHARMACIE_BEAUTE_474606_-0615737','Pharmacie',3384.68),('PHARMACIE_BEAUTE_474606_-0615737_Pharmacie_524','ZONE_474675_-0615','PHARMACIE_BEAUTE_474606_-0615737','Pharmacie',2234.82),('PHARMACIE_BEAUTE_474606_-0615737_Pharmacie_529','ZONE_474675_-0629','PHARMACIE_BEAUTE_474606_-0615737','Pharmacie',1557.94),('PHARMACIE_BEAUTE_474606_-0615737_Pharmacie_534','ZONE_474675_-0643','PHARMACIE_BEAUTE_474606_-0615737','Pharmacie',4358.91),('PHARMACIE_BEAUTE_474606_-0615737_Pharmacie_590','ZONE_474765_-0643','PHARMACIE_BEAUTE_474606_-0615737','Pharmacie',3372.87),('PHARMACIE_BEAUTE_474606_-0615737_Pharmacie_646','ZONE_474855_-0643','PHARMACIE_BEAUTE_474606_-0615737','Pharmacie',4312.91),('PHARMACIE_BEAUTE_474606_-0615737_Pharmacie_65','ZONE_474045_-0629','PHARMACIE_BEAUTE_474606_-0615737','Pharmacie',7934.7),('PHARMACIE_BEAUTE_474606_-0615737_Pharmacie_70','ZONE_474045_-0643','PHARMACIE_BEAUTE_474606_-0615737','Pharmacie',9373.69),('PHARMACIE_BOURGEONNEAU_474785_-0564985_Pharmacie_616','ZONE_474855_-0559','PHARMACIE_BOURGEONNEAU_474785_-0564985','Pharmacie',1279.41),('PHARMACIE_BREILLACQ_474807_-0575404_Pharmacie_626','ZONE_474855_-0587','PHARMACIE_BREILLACQ_474807_-0575404','Pharmacie',1384.42),('PHARMACIE_D\'EUROPE_474876_-0527159_Pharmacie_595','ZONE_474855_-0461','PHARMACIE_D\'EUROPE_474876_-0527159','Pharmacie',6271.28),('PHARMACIE_D\'EUROPE_474876_-0527159_Pharmacie_605','ZONE_474855_-0489','PHARMACIE_D\'EUROPE_474876_-0527159','Pharmacie',3530.39),('PHARMACIE_D\'EUROPE_474876_-0527159_Pharmacie_651','ZONE_474945_-0461','PHARMACIE_D\'EUROPE_474876_-0527159','Pharmacie',6271.28),('PHARMACIE_D\'EUROPE_474876_-0527159_Pharmacie_656','ZONE_474945_-0475','PHARMACIE_D\'EUROPE_474876_-0527159','Pharmacie',4783.84),('PHARMACIE_D\'EUROPE_474876_-0527159_Pharmacie_665','ZONE_474945_-0517','PHARMACIE_D\'EUROPE_474876_-0527159','Pharmacie',2555.06),('PHARMACIE_D\'EUROPE_474876_-0527159_Pharmacie_670','ZONE_474945_-0531','PHARMACIE_D\'EUROPE_474876_-0527159','Pharmacie',1158.98),('PHARMACIE_D\'EUROPE_474876_-0527159_Pharmacie_721','ZONE_475035_-0503','PHARMACIE_D\'EUROPE_474876_-0527159','Pharmacie',3899.49),('PHARMACIE_D\'EUROPE_474876_-0527159_Pharmacie_726','ZONE_475035_-0517','PHARMACIE_D\'EUROPE_474876_-0527159','Pharmacie',2267.56),('PHARMACIE_D\'EUROPE_474876_-0527159_Pharmacie_731','ZONE_475035_-0531','PHARMACIE_D\'EUROPE_474876_-0527159','Pharmacie',1530.24),('PHARMACIE_D\'EUROPE_474876_-0527159_Pharmacie_776','ZONE_475125_-0461','PHARMACIE_D\'EUROPE_474876_-0527159','Pharmacie',6333.18),('PHARMACIE_D\'EUROPE_474876_-0527159_Pharmacie_781','ZONE_475125_-0475','PHARMACIE_D\'EUROPE_474876_-0527159','Pharmacie',5840),('PHARMACIE_D\'EUROPE_474876_-0527159_Pharmacie_786','ZONE_475125_-0489','PHARMACIE_D\'EUROPE_474876_-0527159','Pharmacie',4913.3),('PHARMACIE_D\'EUROPE_474876_-0527159_Pharmacie_791','ZONE_475125_-0503','PHARMACIE_D\'EUROPE_474876_-0527159','Pharmacie',4330.34),('PHARMACIE_D\'EUROPE_474876_-0527159_Pharmacie_796','ZONE_475125_-0517','PHARMACIE_D\'EUROPE_474876_-0527159','Pharmacie',3301.51),('PHARMACIE_D\'EUROPE_474876_-0527159_Pharmacie_801','ZONE_475125_-0531','PHARMACIE_D\'EUROPE_474876_-0527159','Pharmacie',2584.94),('PHARMACIE_D\'EUROPE_474876_-0527159_Pharmacie_836','ZONE_475215_-0461','PHARMACIE_D\'EUROPE_474876_-0527159','Pharmacie',7500.47),('PHARMACIE_D\'EUROPE_474876_-0527159_Pharmacie_841','ZONE_475215_-0475','PHARMACIE_D\'EUROPE_474876_-0527159','Pharmacie',6593.83),('PHARMACIE_D\'EUROPE_474876_-0527159_Pharmacie_846','ZONE_475215_-0489','PHARMACIE_D\'EUROPE_474876_-0527159','Pharmacie',6332.58),('PHARMACIE_D\'EUROPE_474876_-0527159_Pharmacie_851','ZONE_475215_-0503','PHARMACIE_D\'EUROPE_474876_-0527159','Pharmacie',5289.21),('PHARMACIE_D\'EUROPE_474876_-0527159_Pharmacie_856','ZONE_475215_-0517','PHARMACIE_D\'EUROPE_474876_-0527159','Pharmacie',4383.56),('PHARMACIE_D\'EUROPE_474876_-0527159_Pharmacie_901','ZONE_475305_-0461','PHARMACIE_D\'EUROPE_474876_-0527159','Pharmacie',8245.69),('PHARMACIE_D\'EUROPE_474876_-0527159_Pharmacie_906','ZONE_475305_-0475','PHARMACIE_D\'EUROPE_474876_-0527159','Pharmacie',7148.92),('PHARMACIE_D\'EUROPE_474876_-0527159_Pharmacie_911','ZONE_475305_-0489','PHARMACIE_D\'EUROPE_474876_-0527159','Pharmacie',7142.22),('PHARMACIE_D\'EUROPE_474876_-0527159_Pharmacie_916','ZONE_475305_-0503','PHARMACIE_D\'EUROPE_474876_-0527159','Pharmacie',5900.49),('PHARMACIE_D\'EUROPE_474876_-0527159_Pharmacie_921','ZONE_475305_-0517','PHARMACIE_D\'EUROPE_474876_-0527159','Pharmacie',5553.49),('PHARMACIE_D\'EUROPE_474876_-0527159_Pharmacie_971','ZONE_475395_-0461','PHARMACIE_D\'EUROPE_474876_-0527159','Pharmacie',9841.89),('PHARMACIE_D\'EUROPE_474876_-0527159_Pharmacie_976','ZONE_475395_-0475','PHARMACIE_D\'EUROPE_474876_-0527159','Pharmacie',9044.41),('PHARMACIE_D\'EUROPE_474876_-0527159_Pharmacie_981','ZONE_475395_-0489','PHARMACIE_D\'EUROPE_474876_-0527159','Pharmacie',8013.71),('PHARMACIE_D\'EUROPE_474876_-0527159_Pharmacie_986','ZONE_475395_-0503','PHARMACIE_D\'EUROPE_474876_-0527159','Pharmacie',6228.68),('PHARMACIE_D\'EUROPE_474876_-0527159_Pharmacie_991','ZONE_475395_-0517','PHARMACIE_D\'EUROPE_474876_-0527159','Pharmacie',6588.41),('PHARMACIE_DE_L\'ARBORETUM_474519_-0537728_Pharmacie_225','ZONE_474315_-0531','PHARMACIE_DE_L\'ARBORETUM_474519_-0537728','Pharmacie',2690.62),('PHARMACIE_DE_L\'ARBORETUM_474519_-0537728_Pharmacie_295','ZONE_474405_-0531','PHARMACIE_DE_L\'ARBORETUM_474519_-0537728','Pharmacie',2207.07),('PHARMACIE_DE_L\'HORLOGE_474654_-0595532_Pharmacie_375','ZONE_474495_-0587','PHARMACIE_DE_L\'HORLOGE_474654_-0595532','Pharmacie',5615.33),('PHARMACIE_DE_L\'HORLOGE_474654_-0595532_Pharmacie_445','ZONE_474585_-0587','PHARMACIE_DE_L\'HORLOGE_474654_-0595532','Pharmacie',5244.65),('PHARMACIE_DE_L\'HORLOGE_474654_-0595532_Pharmacie_450','ZONE_474585_-0601','PHARMACIE_DE_L\'HORLOGE_474654_-0595532','Pharmacie',1187.3),('PHARMACIE_DE_L\'HORLOGE_474654_-0595532_Pharmacie_519','ZONE_474675_-0601','PHARMACIE_DE_L\'HORLOGE_474654_-0595532','Pharmacie',993.914),('PHARMACIE_DE_LA_MADELEINE_474599_-0536987_Pharmacie_430','ZONE_474585_-0545','PHARMACIE_DE_LA_MADELEINE_474599_-0536987','Pharmacie',983.31),('PHARMACIE_DES_JUSTICES_474528_-0525972_Pharmacie_10','ZONE_474045_-0475','PHARMACIE_DES_JUSTICES_474528_-0525972','Pharmacie',9912.34),('PHARMACIE_DES_JUSTICES_474528_-0525972_Pharmacie_145','ZONE_474225_-0461','PHARMACIE_DES_JUSTICES_474528_-0525972','Pharmacie',6136.43),('PHARMACIE_DES_JUSTICES_474528_-0525972_Pharmacie_15','ZONE_474045_-0489','PHARMACIE_DES_JUSTICES_474528_-0525972','Pharmacie',8854.21),('PHARMACIE_DES_JUSTICES_474528_-0525972_Pharmacie_150','ZONE_474225_-0475','PHARMACIE_DES_JUSTICES_474528_-0525972','Pharmacie',10159.1),('PHARMACIE_DES_JUSTICES_474528_-0525972_Pharmacie_155','ZONE_474225_-0517','PHARMACIE_DES_JUSTICES_474528_-0525972','Pharmacie',4084.63),('PHARMACIE_DES_JUSTICES_474528_-0525972_Pharmacie_20','ZONE_474045_-0503','PHARMACIE_DES_JUSTICES_474528_-0525972','Pharmacie',8222.25),('PHARMACIE_DES_JUSTICES_474528_-0525972_Pharmacie_200','ZONE_474315_-0461','PHARMACIE_DES_JUSTICES_474528_-0525972','Pharmacie',7393.44),('PHARMACIE_DES_JUSTICES_474528_-0525972_Pharmacie_205','ZONE_474315_-0475','PHARMACIE_DES_JUSTICES_474528_-0525972','Pharmacie',4523.4),('PHARMACIE_DES_JUSTICES_474528_-0525972_Pharmacie_210','ZONE_474315_-0489','PHARMACIE_DES_JUSTICES_474528_-0525972','Pharmacie',4277.6),('PHARMACIE_DES_JUSTICES_474528_-0525972_Pharmacie_215','ZONE_474315_-0503','PHARMACIE_DES_JUSTICES_474528_-0525972','Pharmacie',3972.32),('PHARMACIE_DES_JUSTICES_474528_-0525972_Pharmacie_220','ZONE_474315_-0517','PHARMACIE_DES_JUSTICES_474528_-0525972','Pharmacie',3284.11),('PHARMACIE_DES_JUSTICES_474528_-0525972_Pharmacie_280','ZONE_474405_-0489','PHARMACIE_DES_JUSTICES_474528_-0525972','Pharmacie',3172.94),('PHARMACIE_DES_JUSTICES_474528_-0525972_Pharmacie_285','ZONE_474405_-0503','PHARMACIE_DES_JUSTICES_474528_-0525972','Pharmacie',2765.25),('PHARMACIE_DES_JUSTICES_474528_-0525972_Pharmacie_290','ZONE_474405_-0517','PHARMACIE_DES_JUSTICES_474528_-0525972','Pharmacie',2309.62),('PHARMACIE_DES_JUSTICES_474528_-0525972_Pharmacie_350','ZONE_474495_-0517','PHARMACIE_DES_JUSTICES_474528_-0525972','Pharmacie',1285.64),('PHARMACIE_DES_JUSTICES_474528_-0525972_Pharmacie_355','ZONE_474495_-0531','PHARMACIE_DES_JUSTICES_474528_-0525972','Pharmacie',843.108),('PHARMACIE_DES_JUSTICES_474528_-0525972_Pharmacie_5','ZONE_474045_-0461','PHARMACIE_DES_JUSTICES_474528_-0525972','Pharmacie',10894.4),('PHARMACIE_DES_JUSTICES_474528_-0525972_Pharmacie_75','ZONE_474135_-0461','PHARMACIE_DES_JUSTICES_474528_-0525972','Pharmacie',12388.6),('PHARMACIE_DES_JUSTICES_474528_-0525972_Pharmacie_80','ZONE_474135_-0475','PHARMACIE_DES_JUSTICES_474528_-0525972','Pharmacie',10159.1),('PHARMACIE_DES_JUSTICES_474528_-0525972_Pharmacie_85','ZONE_474135_-0489','PHARMACIE_DES_JUSTICES_474528_-0525972','Pharmacie',8387.77),('PHARMACIE_DES_JUSTICES_474528_-0525972_Pharmacie_90','ZONE_474135_-0503','PHARMACIE_DES_JUSTICES_474528_-0525972','Pharmacie',7157.67),('PHARMACIE_DES_JUSTICES_474528_-0525972_Pharmacie_95','ZONE_474135_-0517','PHARMACIE_DES_JUSTICES_474528_-0525972','Pharmacie',5240.82),('PHARMACIE_DU_GRAND_MAINE_474674_-0593507_Pharmacie_514','ZONE_474675_-0587','PHARMACIE_DU_GRAND_MAINE_474674_-0593507','Pharmacie',694.963),('PHARMACIE_FOGEL_KOENIG_474843_-0571062_Pharmacie_1016','ZONE_475395_-0587','PHARMACIE_FOGEL_KOENIG_474843_-0571062','Pharmacie',7787.43),('PHARMACIE_FOGEL_KOENIG_474843_-0571062_Pharmacie_1021','ZONE_475395_-0601','PHARMACIE_FOGEL_KOENIG_474843_-0571062','Pharmacie',8561.65),('PHARMACIE_FOGEL_KOENIG_474843_-0571062_Pharmacie_1026','ZONE_475395_-0615','PHARMACIE_FOGEL_KOENIG_474843_-0571062','Pharmacie',7614.64),('PHARMACIE_FOGEL_KOENIG_474843_-0571062_Pharmacie_621','ZONE_474855_-0573','PHARMACIE_FOGEL_KOENIG_474843_-0571062','Pharmacie',454.387),('PHARMACIE_FOGEL_KOENIG_474843_-0571062_Pharmacie_685','ZONE_474945_-0573','PHARMACIE_FOGEL_KOENIG_474843_-0571062','Pharmacie',1623.65),('PHARMACIE_FOGEL_KOENIG_474843_-0571062_Pharmacie_690','ZONE_474945_-0587','PHARMACIE_FOGEL_KOENIG_474843_-0571062','Pharmacie',2201.56),('PHARMACIE_FOGEL_KOENIG_474843_-0571062_Pharmacie_746','ZONE_475035_-0573','PHARMACIE_FOGEL_KOENIG_474843_-0571062','Pharmacie',3252.04),('PHARMACIE_FOGEL_KOENIG_474843_-0571062_Pharmacie_751','ZONE_475035_-0587','PHARMACIE_FOGEL_KOENIG_474843_-0571062','Pharmacie',2488.17),('PHARMACIE_FOGEL_KOENIG_474843_-0571062_Pharmacie_811','ZONE_475125_-0587','PHARMACIE_FOGEL_KOENIG_474843_-0571062','Pharmacie',3764.1),('PHARMACIE_FOGEL_KOENIG_474843_-0571062_Pharmacie_816','ZONE_475125_-0601','PHARMACIE_FOGEL_KOENIG_474843_-0571062','Pharmacie',4177.51),('PHARMACIE_FOGEL_KOENIG_474843_-0571062_Pharmacie_876','ZONE_475215_-0573','PHARMACIE_FOGEL_KOENIG_474843_-0571062','Pharmacie',4881.78),('PHARMACIE_FOGEL_KOENIG_474843_-0571062_Pharmacie_881','ZONE_475215_-0587','PHARMACIE_FOGEL_KOENIG_474843_-0571062','Pharmacie',5106.89),('PHARMACIE_FOGEL_KOENIG_474843_-0571062_Pharmacie_886','ZONE_475215_-0601','PHARMACIE_FOGEL_KOENIG_474843_-0571062','Pharmacie',5254.91),('PHARMACIE_FOGEL_KOENIG_474843_-0571062_Pharmacie_946','ZONE_475305_-0587','PHARMACIE_FOGEL_KOENIG_474843_-0571062','Pharmacie',6533.75),('PHARMACIE_FOGEL_KOENIG_474843_-0571062_Pharmacie_951','ZONE_475305_-0601','PHARMACIE_FOGEL_KOENIG_474843_-0571062','Pharmacie',7543.26),('PHARMACIE_FOGEL_KOENIG_474843_-0571062_Pharmacie_956','ZONE_475305_-0615','PHARMACIE_FOGEL_KOENIG_474843_-0571062','Pharmacie',6949.46),('PHARMACIE_GIFFARD_474602_-0558444_Pharmacie_435','ZONE_474585_-0559','PHARMACIE_GIFFARD_474602_-0558444','Pharmacie',131.286),('PHARMACIE_GIFFARD_474602_-0558444_Pharmacie_440','ZONE_474585_-0573','PHARMACIE_GIFFARD_474602_-0558444','Pharmacie',1636.9),('PHARMACIE_GONZALES_474593_-0520656_Pharmacie_270','ZONE_474405_-0461','PHARMACIE_GONZALES_474593_-0520656','Pharmacie',5858.23),('PHARMACIE_GONZALES_474593_-0520656_Pharmacie_275','ZONE_474405_-0475','PHARMACIE_GONZALES_474593_-0520656','Pharmacie',5225.43),('PHARMACIE_GONZALES_474593_-0520656_Pharmacie_340','ZONE_474495_-0461','PHARMACIE_GONZALES_474593_-0520656','Pharmacie',5494.41),('PHARMACIE_GONZALES_474593_-0520656_Pharmacie_345','ZONE_474495_-0489','PHARMACIE_GONZALES_474593_-0520656','Pharmacie',2711.26),('PHARMACIE_GONZALES_474593_-0520656_Pharmacie_400','ZONE_474585_-0461','PHARMACIE_GONZALES_474593_-0520656','Pharmacie',5228.46),('PHARMACIE_GONZALES_474593_-0520656_Pharmacie_405','ZONE_474585_-0475','PHARMACIE_GONZALES_474593_-0520656','Pharmacie',4321.05),('PHARMACIE_GONZALES_474593_-0520656_Pharmacie_410','ZONE_474585_-0489','PHARMACIE_GONZALES_474593_-0520656','Pharmacie',4265.81),('PHARMACIE_GONZALES_474593_-0520656_Pharmacie_415','ZONE_474585_-0503','PHARMACIE_GONZALES_474593_-0520656','Pharmacie',1837.38),('PHARMACIE_GONZALES_474593_-0520656_Pharmacie_420','ZONE_474585_-0517','PHARMACIE_GONZALES_474593_-0520656','Pharmacie',412.453),('PHARMACIE_GONZALES_474593_-0520656_Pharmacie_470','ZONE_474675_-0461','PHARMACIE_GONZALES_474593_-0520656','Pharmacie',5721.63),('PHARMACIE_GONZALES_474593_-0520656_Pharmacie_475','ZONE_474675_-0475','PHARMACIE_GONZALES_474593_-0520656','Pharmacie',4365.03),('PHARMACIE_GONZALES_474593_-0520656_Pharmacie_480','ZONE_474675_-0489','PHARMACIE_GONZALES_474593_-0520656','Pharmacie',3038.45),('PHARMACIE_LANGLOIS_474716_-0521904_Pharmacie_485','ZONE_474675_-0503','PHARMACIE_LANGLOIS_474716_-0521904','Pharmacie',1497),('PHARMACIE_LANGLOIS_474716_-0521904_Pharmacie_490','ZONE_474675_-0517','PHARMACIE_LANGLOIS_474716_-0521904','Pharmacie',586.832),('PHARMACIE_LANGLOIS_474716_-0521904_Pharmacie_539','ZONE_474765_-0461','PHARMACIE_LANGLOIS_474716_-0521904','Pharmacie',5356.28),('PHARMACIE_LANGLOIS_474716_-0521904_Pharmacie_544','ZONE_474765_-0475','PHARMACIE_LANGLOIS_474716_-0521904','Pharmacie',4132.77),('PHARMACIE_LANGLOIS_474716_-0521904_Pharmacie_549','ZONE_474765_-0489','PHARMACIE_LANGLOIS_474716_-0521904','Pharmacie',3152.57),('PHARMACIE_LANGLOIS_474716_-0521904_Pharmacie_554','ZONE_474765_-0503','PHARMACIE_LANGLOIS_474716_-0521904','Pharmacie',2046.3),('PHARMACIE_LANGLOIS_474716_-0521904_Pharmacie_559','ZONE_474765_-0517','PHARMACIE_LANGLOIS_474716_-0521904','Pharmacie',612.313),('PHARMACIE_LANGLOIS_474716_-0521904_Pharmacie_600','ZONE_474855_-0475','PHARMACIE_LANGLOIS_474716_-0521904','Pharmacie',4536.7),('PHARMACIE_LE_GALL_474669_-0557562_Pharmacie_504','ZONE_474675_-0559','PHARMACIE_LE_GALL_474669_-0557562','Pharmacie',188.758),('PHARMACIE_LORETTE_474513_-0549013_Pharmacie_360','ZONE_474495_-0545','PHARMACIE_LORETTE_474513_-0549013','Pharmacie',558.514),('PHARMACIE_MONTESQUIEU_474733_-0580183_Pharmacie_509','ZONE_474675_-0573','PHARMACIE_MONTESQUIEU_474733_-0580183','Pharmacie',2665.67),('PHARMACIE_MOUSNIER_474763_-0598478_Pharmacie_1031','ZONE_475395_-0629','PHARMACIE_MOUSNIER_474763_-0598478','Pharmacie',11100.9),('PHARMACIE_MOUSNIER_474763_-0598478_Pharmacie_1036','ZONE_475395_-0643','PHARMACIE_MOUSNIER_474763_-0598478','Pharmacie',11260.2),('PHARMACIE_MOUSNIER_474763_-0598478_Pharmacie_580','ZONE_474765_-0601','PHARMACIE_MOUSNIER_474763_-0598478','Pharmacie',315.011),('PHARMACIE_MOUSNIER_474763_-0598478_Pharmacie_585','ZONE_474765_-0615','PHARMACIE_MOUSNIER_474763_-0598478','Pharmacie',1697.78),('PHARMACIE_MOUSNIER_474763_-0598478_Pharmacie_631','ZONE_474855_-0601','PHARMACIE_MOUSNIER_474763_-0598478','Pharmacie',5089.01),('PHARMACIE_MOUSNIER_474763_-0598478_Pharmacie_636','ZONE_474855_-0615','PHARMACIE_MOUSNIER_474763_-0598478','Pharmacie',2624.74),('PHARMACIE_MOUSNIER_474763_-0598478_Pharmacie_641','ZONE_474855_-0629','PHARMACIE_MOUSNIER_474763_-0598478','Pharmacie',3826.27),('PHARMACIE_MOUSNIER_474763_-0598478_Pharmacie_695','ZONE_474945_-0601','PHARMACIE_MOUSNIER_474763_-0598478','Pharmacie',5287.04),('PHARMACIE_MOUSNIER_474763_-0598478_Pharmacie_700','ZONE_474945_-0615','PHARMACIE_MOUSNIER_474763_-0598478','Pharmacie',9387.33),('PHARMACIE_MOUSNIER_474763_-0598478_Pharmacie_705','ZONE_474945_-0629','PHARMACIE_MOUSNIER_474763_-0598478','Pharmacie',14165.7),('PHARMACIE_MOUSNIER_474763_-0598478_Pharmacie_710','ZONE_474945_-0643','PHARMACIE_MOUSNIER_474763_-0598478','Pharmacie',5889.91),('PHARMACIE_MOUSNIER_474763_-0598478_Pharmacie_756','ZONE_475035_-0601','PHARMACIE_MOUSNIER_474763_-0598478','Pharmacie',6724.42),('PHARMACIE_MOUSNIER_474763_-0598478_Pharmacie_761','ZONE_475035_-0615','PHARMACIE_MOUSNIER_474763_-0598478','Pharmacie',5681.61),('PHARMACIE_MOUSNIER_474763_-0598478_Pharmacie_766','ZONE_475035_-0629','PHARMACIE_MOUSNIER_474763_-0598478','Pharmacie',5216.19),('PHARMACIE_MOUSNIER_474763_-0598478_Pharmacie_771','ZONE_475035_-0643','PHARMACIE_MOUSNIER_474763_-0598478','Pharmacie',5889.91),('PHARMACIE_MOUSNIER_474763_-0598478_Pharmacie_821','ZONE_475125_-0615','PHARMACIE_MOUSNIER_474763_-0598478','Pharmacie',7788.78),('PHARMACIE_MOUSNIER_474763_-0598478_Pharmacie_826','ZONE_475125_-0629','PHARMACIE_MOUSNIER_474763_-0598478','Pharmacie',8658.81),('PHARMACIE_MOUSNIER_474763_-0598478_Pharmacie_831','ZONE_475125_-0643','PHARMACIE_MOUSNIER_474763_-0598478','Pharmacie',8658.81),('PHARMACIE_MOUSNIER_474763_-0598478_Pharmacie_891','ZONE_475215_-0615','PHARMACIE_MOUSNIER_474763_-0598478','Pharmacie',8651.26),('PHARMACIE_MOUSNIER_474763_-0598478_Pharmacie_896','ZONE_475215_-0643','PHARMACIE_MOUSNIER_474763_-0598478','Pharmacie',11467.8),('PHARMACIE_MOUSNIER_474763_-0598478_Pharmacie_961','ZONE_475305_-0629','PHARMACIE_MOUSNIER_474763_-0598478','Pharmacie',9990.54),('PHARMACIE_MOUSNIER_474763_-0598478_Pharmacie_966','ZONE_475305_-0643','PHARMACIE_MOUSNIER_474763_-0598478','Pharmacie',11061),('Pharmacie_Patton_Angers_474736_-0590574_Pharmacie_575','ZONE_474765_-0587','Pharmacie_Patton_Angers_474736_-0590574','Pharmacie',854.331),('PHARMACIE_PLANCHET_47475_-0535455_Pharmacie_564','ZONE_474765_-0531','PHARMACIE_PLANCHET_47475_-0535455','Pharmacie',673.046),('PHARMACIE_ROUX_474687_-0532556_Pharmacie_495','ZONE_474675_-0531','PHARMACIE_ROUX_474687_-0532556','Pharmacie',219.989),('PHARMACIE_TENAILLEAU_474557_-0534802_Pharmacie_425','ZONE_474585_-0531','PHARMACIE_TENAILLEAU_474557_-0534802','Pharmacie',556.297),('STAPHORST_KAREN_474782_-0569106_Médecin_569','ZONE_474765_-0573','STAPHORST_KAREN_474782_-0569106','Médecin',425.912),('VEILLEROT_FRANCOISE_474463_-0560856_Médecin_111','ZONE_474135_-0573','VEILLEROT_FRANCOISE_474463_-0560856','Médecin',8447.01),('VEILLEROT_FRANCOISE_474463_-0560856_Médecin_166','ZONE_474225_-0573','VEILLEROT_FRANCOISE_474463_-0560856','Médecin',3994.92),('VEILLEROT_FRANCOISE_474463_-0560856_Médecin_236','ZONE_474315_-0573','VEILLEROT_FRANCOISE_474463_-0560856','Médecin',2359.42),('VEILLEROT_FRANCOISE_474463_-0560856_Médecin_306','ZONE_474405_-0573','VEILLEROT_FRANCOISE_474463_-0560856','Médecin',1447.9),('VINCELOT_PHILIPPE_47469_-0545694_Médecin_496','ZONE_474675_-0545','VINCELOT_PHILIPPE_47469_-0545694','Médecin',397.548);
/*!40000 ALTER TABLE `chemins` ENABLE KEYS */;
UNLOCK TABLES;

--
-- Table structure for table `infrastructures`
--

DROP TABLE IF EXISTS `infrastructures`;
/*!40101 SET @saved_cs_client     = @@character_set_client */;
/*!50503 SET character_set_client = utf8mb4 */;
CREATE TABLE `infrastructures` (
  `id_infra` varchar(100) NOT NULL,
  `nom` varchar(255) NOT NULL,
  `type_infra` varchar(50) NOT NULL,
  `latitude` float NOT NULL,
  `longitude` float NOT NULL,
  PRIMARY KEY (`id_infra`),
  KEY `type_infra` (`type_infra`),
  CONSTRAINT `infrastructures_ibfk_1` FOREIGN KEY (`type_infra`) REFERENCES `type_scores` (`type_infra`)
) ENGINE=InnoDB DEFAULT CHARSET=utf8mb4 COLLATE=utf8mb4_0900_ai_ci;
/*!40101 SET character_set_client = @saved_cs_client */;

--
-- Dumping data for table `infrastructures`
--

LOCK TABLES `infrastructures` WRITE;
/*!40000 ALTER TABLE `infrastructures` DISABLE KEYS */;
INSERT INTO `infrastructures` VALUES ('ALLARD_EMELINE_474913_-056127','ALLARD EMELINE','Médecin',47.4913,-0.56127),('ANDRIEUX_MARC_47445_-053948','ANDRIEUX MARC','Médecin',47.445,-0.53948),('ANNE_GAETAN_474739_-0539128','ANNE GAETAN','Médecin',47.4739,-0.539128),('ANQUETIL_OUVRARD_CATHERINE_474719_-0537318','ANQUETIL OUVRARD CATHERINE','Médecin',47.4719,-0.537318),('ANSELME_ANTHONY_47474_-0568333','ANSELME ANTHONY','Médecin',47.474,-0.568333),('ARBAUD_LUC_474523_-0560334','ARBAUD LUC','Médecin',47.4523,-0.560334),('ARCHAMBAULT_CHRISTINE_474606_-0552405','ARCHAMBAULT CHRISTINE','Médecin',47.4606,-0.552405),('ARIAUX_FRANCOIS_474843_-0571062','ARIAUX FRANCOIS','Médecin',47.4843,-0.571062),('AUBER_DEGROOTE_EGLANTINE_474451_-0598805','AUBER DEGROOTE EGLANTINE','Médecin',47.4451,-0.598805),('AUFFRAY_BOUCHE_VERONIQUE_474665_-0553378','AUFFRAY BOUCHE VERONIQUE','Médecin',47.4665,-0.553378),('AURE_PASCAL_474667_-055','AURE PASCAL','Médecin',47.4667,-0.55),('AUTONNE_ISABELLE_474461_-0559591','AUTONNE ISABELLE','Médecin',47.4461,-0.559591),('AUTRET_SYLVIE_47462_-0541681','AUTRET SYLVIE','Médecin',47.462,-0.541681),('AVA_JULES_474667_-055','AVA JULES','Médecin',47.4667,-0.55),('AVOT_CHRISTIAN_474543_-0527979','AVOT CHRISTIAN','Médecin',47.4543,-0.527979),('BA_HALIMA_474674_-0593507','BA HALIMA','Médecin',47.4674,-0.593507),('BAGOT_AGNES_474808_-0533523','BAGOT AGNES','Médecin',47.4808,-0.533523),('BAILLY_CELINE_47472_-0551278','BAILLY CELINE','Médecin',47.472,-0.551278),('BALAYILA_BEAUDOUIN_LENAIC_474622_-0539718','BALAYILA BEAUDOUIN LENAIC','Médecin',47.4622,-0.539718),('BARBE_PUYUELO_MAITE_474739_-0539128','BARBE PUYUELO MAITE','Médecin',47.4739,-0.539128),('BARGUES_SIMON_474667_-055','BARGUES SIMON','Médecin',47.4667,-0.55),('BASTIEN_CORINNE_474502_-0557356','BASTIEN CORINNE','Médecin',47.4502,-0.557356),('BAUDRY_EMMANUEL_473809_-017893','BAUDRY EMMANUEL','Médecin',47.3809,-0.17893),('BEAUSSIER_MICHEL_474515_-0547982','BEAUSSIER MICHEL','Médecin',47.4515,-0.547982),('BEAUSSIER_PHILIPPE_474798_-0526336','BEAUSSIER PHILIPPE','Médecin',47.4798,-0.526336),('BENZECRIT_CLARA_474667_-055','BENZECRIT CLARA','Médecin',47.4667,-0.55),('BERNAND_VANESSA_474746_-0546655','BERNAND VANESSA','Médecin',47.4746,-0.546655),('BESSELIEVRE_RENAUD_474739_-0539128','BESSELIEVRE RENAUD','Médecin',47.4739,-0.539128),('BESSON_COLAISSEAU_EMMANUELLE_474757_-0552163','BESSON COLAISSEAU EMMANUELLE','Médecin',47.4757,-0.552163),('BETTON_AMIAUD_GENEVIEVE_47464_-0554181','BETTON AMIAUD GENEVIEVE','Médecin',47.464,-0.554181),('BIABIANY_LAURIE_474715_-0568097','BIABIANY LAURIE','Médecin',47.4715,-0.568097),('Bibliothèque_Annie-Fratellini_474724_-0530837','Bibliothèque Annie-Fratellini','Bibliothèque',47.4724,-0.530837),('Bibliothèque_Belle-Beille_474765_-0587596','Bibliothèque Belle-Beille','Bibliothèque',47.4765,-0.587596),('Bibliothèque_de_la_Roseraie_474458_-0562927','Bibliothèque de la Roseraie','Bibliothèque',47.4458,-0.562927),('Bibliothèque_des_Justices_47453_-0525781','Bibliothèque des Justices','Bibliothèque',47.453,-0.525781),('Bibliothèque_du_Lac-de-Maine_474682_-0597734','Bibliothèque du Lac-de-Maine','Bibliothèque',47.4682,-0.597734),('Bibliothèque_Monplaisir_474872_-052467','Bibliothèque Monplaisir','Bibliothèque',47.4872,-0.52467),('Bibliothèque_Nelson-Mandela_474933_-0559851','Bibliothèque Nelson-Mandela','Bibliothèque',47.4933,-0.559851),('Bibliothèque_Saint-Nicolas_474747_-0563488','Bibliothèque Saint-Nicolas','Bibliothèque',47.4747,-0.563488),('BIDAULT_DORIAN_474791_-0559921','BIDAULT DORIAN','Médecin',47.4791,-0.559921),('BLANVILLAIN_JEROME_474532_-0537918','BLANVILLAIN JEROME','Médecin',47.4532,-0.537918),('BLIN_DAVID_474667_-055','BLIN DAVID','Médecin',47.4667,-0.55),('BLOUIN_CHRISTINE_47447_-0544122','BLOUIN CHRISTINE','Médecin',47.447,-0.544122),('BOCHE_MACE_CORINNE_474784_-0567659','BOCHE MACE CORINNE','Médecin',47.4784,-0.567659),('BOU_ACHOUR_THOMAS_474834_-0526708','BOU ACHOUR THOMAS','Médecin',47.4834,-0.526708),('BOUCHER_JACQUES_LOUIS_473809_-017893','BOUCHER JACQUES LOUIS','Médecin',47.3809,-0.17893),('BOUDAUD_ERIC_474619_-0541156','BOUDAUD ERIC','Médecin',47.4619,-0.541156),('BOULDAY_ANNE_474746_-0546655','BOULDAY ANNE','Médecin',47.4746,-0.546655),('BOURDIEU_NOURRY_SYLVIE_47452_-0524815','BOURDIEU NOURRY SYLVIE','Médecin',47.452,-0.524815),('BRICHER_LOREN_474667_-055','BRICHER LOREN','Médecin',47.4667,-0.55),('CABANES_CHRISTINE_474482_-0554874','CABANES CHRISTINE','Médecin',47.4482,-0.554874),('CAPUTO_ANNE_47474_-0568333','CAPUTO ANNE','Médecin',47.474,-0.568333),('CASTRIQUE_YANN_47472_-0551278','CASTRIQUE YANN','Médecin',47.472,-0.551278),('CATHERINE_MARYSE_47487_-0527295','CATHERINE MARYSE','Médecin',47.487,-0.527295),('CAVELAN_CLAIRE_474676_-0547729','CAVELAN CLAIRE','Médecin',47.4676,-0.547729),('Centre_de_consultations_Saint-Léonard_474528_-0526985','Centre de consultations Saint-Léonard','Santé',47.4528,-0.526985),('Centre_de_Secours_Principal_Angers_Académie_474681_-0559022','Centre de Secours Principal Angers Académie','Pompiers',47.4681,-0.559022),('Centre_de_Secours_Principal_Angers_Chêne_Vert_474714_-0511778','Centre de Secours Principal Angers Chêne Vert','Pompiers',47.4714,-0.511778),('Centre_de_Secours_Principal_Angers_Ouest_474744_-0615934','Centre de Secours Principal Angers Ouest','Pompiers',47.4744,-0.615934),('Centre_Hospitalier_Universitaire_d\'Angers_474813_-055427','Centre Hospitalier Universitaire d\'Angers','Santé',47.4813,-0.55427),('CHAMBAUDIE_HELOISE_47464_-0554181','CHAMBAUDIE HELOISE','Médecin',47.464,-0.554181),('CHAREAU_SANDRA_474698_-0550632','CHAREAU SANDRA','Médecin',47.4698,-0.550632),('CHARRON_JULIE_47487_-0527295','CHARRON JULIE','Médecin',47.487,-0.527295),('CHEVREUL_PIRECKI_AUDE_474681_-0559022','CHEVREUL PIRECKI AUDE','Médecin',47.4681,-0.559022),('CHUPIN_ROGER_PHILIPPE_474686_-0561627','CHUPIN ROGER PHILIPPE','Médecin',47.4686,-0.561627),('CHUSSEAU_ERIC_474644_-0540294','CHUSSEAU ERIC','Médecin',47.4644,-0.540294),('CLEMENCE_BAPTISTE_47445_-053948','CLEMENCE BAPTISTE','Médecin',47.445,-0.53948),('CLEMENT_SANDRINE_474808_-0533523','CLEMENT SANDRINE','Médecin',47.4808,-0.533523),('Clinique_de_l\'Anjou_474455_-0539316','Clinique de l\'Anjou','Santé',47.4455,-0.539316),('Clinique_Saint-Didier_474667_-055','Clinique Saint-Didier','Santé',47.4667,-0.55),('Clinique_Saint-Joseph_474667_-055','Clinique Saint-Joseph','Santé',47.4667,-0.55),('CORBEL_MAYNARD_SOPHIE_474444_-0539189','CORBEL MAYNARD SOPHIE','Médecin',47.4444,-0.539189),('COURTOIS_SOPHIE_474604_-0554913','COURTOIS SOPHIE','Médecin',47.4604,-0.554913),('D_ALESSANDRO_MARIE_CAROLINE_473809_-017893','D ALESSANDRO MARIE CAROLINE','Médecin',47.3809,-0.17893),('DAMIANO_MAEVA_474681_-0559022','DAMIANO MAEVA','Médecin',47.4681,-0.559022),('DE_CASABIANCA_CATHERINE_474502_-053017','DE CASABIANCA CATHERINE','Médecin',47.4502,-0.53017),('DE_LEUZE_PIO_FRANCOIS_474459_-0536951','DE LEUZE PIO FRANCOIS','Médecin',47.4459,-0.536951),('DENIAUX_ESTELLE_474667_-055','DENIAUX ESTELLE','Médecin',47.4667,-0.55),('DENIS_BERTRAND_474746_-0546655','DENIS BERTRAND','Médecin',47.4746,-0.546655),('DENIS_FRANCOIS_474508_-0523721','DENIS FRANCOIS','Médecin',47.4508,-0.523721),('DERAMECOURT_MARIE_LILKA_474502_-0557356','DERAMECOURT MARIE LILKA','Médecin',47.4502,-0.557356),('DESPLATS_BERTRAND_474667_-055','DESPLATS BERTRAND','Médecin',47.4667,-0.55),('DIESBECQ_NICOLAS_474791_-0559921','DIESBECQ NICOLAS','Médecin',47.4791,-0.559921),('DUBOIS_DIDIER_474618_-0554197','DUBOIS DIDIER','Médecin',47.4618,-0.554197),('DUBOIS_PIERRE_474682_-0557122','DUBOIS PIERRE','Médecin',47.4682,-0.557122),('DUCLEUX_CORA_FEE_474455_-0539316','DUCLEUX CORA FEE','Médecin',47.4455,-0.539316),('DUPE_MARGAUX_474739_-0555156','DUPE MARGAUX','Médecin',47.4739,-0.555156),('DUPONT_BASTIEN_474676_-0547729','DUPONT BASTIEN','Médecin',47.4676,-0.547729),('EDIN_CARENE_474532_-0537918','EDIN CARENE','Médecin',47.4532,-0.537918),('ENGIN_MELTEM_474808_-0533523','ENGIN MELTEM','Médecin',47.4808,-0.533523),('ESNAULT_ANNE_MARIE_474507_-0563156','ESNAULT ANNE MARIE','Médecin',47.4507,-0.563156),('ESNAULT_BOUTCHOUE_MARIE_47468_-0557551','ESNAULT BOUTCHOUE MARIE','Médecin',47.468,-0.557551),('FERME_DAVID_474532_-0537918','FERME DAVID','Médecin',47.4532,-0.537918),('FERRAND_PIERRE_ANDRE_474682_-0557122','FERRAND PIERRE ANDRE','Médecin',47.4682,-0.557122),('FISCHBEIN_GABRIEL_474699_-0548772','FISCHBEIN GABRIEL','Médecin',47.4699,-0.548772),('FITTES_PUCHEU_LAURA_474667_-055','FITTES PUCHEU LAURA','Médecin',47.4667,-0.55),('FORTIER_DAVID_474737_-0584973','FORTIER DAVID','Médecin',47.4737,-0.584973),('FOUCAULT_JEAN_FRANCOIS_473809_-017893','FOUCAULT JEAN FRANCOIS','Médecin',47.3809,-0.17893),('GADELLE_VIRGINIE_474464_-0559281','GADELLE VIRGINIE','Médecin',47.4464,-0.559281),('GASPARD_MARIE_CHRISTINE_474792_-0544366','GASPARD MARIE CHRISTINE','Médecin',47.4792,-0.544366),('GAULT_FLORENCE_474739_-0539128','GAULT FLORENCE','Médecin',47.4739,-0.539128),('GAY_GERALD_474592_-0551003','GAY GERALD','Médecin',47.4592,-0.551003),('GERBAUD_ELSA_474666_-049352','GERBAUD ELSA','Médecin',47.4666,-0.49352),('GERIN_CHRISTOPHE_47474_-0568333','GERIN CHRISTOPHE','Médecin',47.474,-0.568333),('GHRAIRI_VASSEUR_FLORENCE_474446_-0540048','GHRAIRI VASSEUR FLORENCE','Médecin',47.4446,-0.540048),('GILARDEAU_CLAIRE_47531_-05278','GILARDEAU CLAIRE','Médecin',47.531,-0.5278),('GILLET_STEPHANE_47445_-053948','GILLET STEPHANE','Médecin',47.445,-0.53948),('GIRAUD_MATHIEU_474834_-0526708','GIRAUD MATHIEU','Médecin',47.4834,-0.526708),('GLEYSES_XAVIER_474737_-0584973','GLEYSES XAVIER','Médecin',47.4737,-0.584973),('GODIN_DAMIEN_474746_-0546655','GODIN DAMIEN','Médecin',47.4746,-0.546655),('GOMBAUD_DANIEL_47472_-0551278','GOMBAUD DANIEL','Médecin',47.472,-0.551278),('GOMBERT_AURORE_474666_-049352','GOMBERT AURORE','Médecin',47.4666,-0.49352),('GOUILLET_CHRISTELLE_475154_-0473373','GOUILLET CHRISTELLE','Médecin',47.5154,-0.473373),('GOUSTOUR_GERALD_474464_-0559281','GOUSTOUR GERALD','Médecin',47.4464,-0.559281),('GOUTTE_MARIE_AGNES_47531_-05278','GOUTTE MARIE AGNES','Médecin',47.531,-0.5278),('GRANDE_PHARMACIE_474894_-0543821','GRANDE PHARMACIE','Pharmacie',47.4894,-0.543821),('GRANDE_PHARMACIE_D\'ANJOU_474663_-0557027','GRANDE PHARMACIE D\'ANJOU','Pharmacie',47.4663,-0.557027),('GRANDE_PHARMACIE_LA_ROSERAIE_474443_-0556674','GRANDE PHARMACIE LA ROSERAIE','Pharmacie',47.4443,-0.556674),('GRANDIN_NATHALIE_474667_-055','GRANDIN NATHALIE','Médecin',47.4667,-0.55),('GUILLOTEAU_GWLADYS_47531_-05278','GUILLOTEAU GWLADYS','Médecin',47.531,-0.5278),('GUITTON_BERNARD_474739_-0581155','GUITTON BERNARD','Médecin',47.4739,-0.581155),('HAMONIAUX_BELLOEIL_VANESSA_474509_-0537344','HAMONIAUX BELLOEIL VANESSA','Médecin',47.4509,-0.537344),('HENNI_AMEL_474829_-0526954','HENNI AMEL','Médecin',47.4829,-0.526954),('HERVO_MICHEL_47474_-0568333','HERVO MICHEL','Médecin',47.474,-0.568333),('Hôpital_Saint-Léonard_474528_-0525366','Hôpital Saint-Léonard','Santé',47.4528,-0.525366),('HOUDAYER_JULIE_474721_-0586541','HOUDAYER JULIE','Médecin',47.4721,-0.586541),('HOUDEBINE_ELISE_474667_-055','HOUDEBINE ELISE','Médecin',47.4667,-0.55),('HUSSER_RAPHAEL_474464_-0559281','HUSSER RAPHAEL','Médecin',47.4464,-0.559281),('Institut_de_Cancérologie_de_l\'Ouest_-_Paul_Papin_474836_-0555927','Institut de Cancérologie de l\'Ouest - Paul Papin','Santé',47.4836,-0.555927),('IZRI_YASSINE_RABEH_47445_-053948','IZRI YASSINE RABEH','Médecin',47.445,-0.53948),('JOULAIN_STEPHANE_47474_-0568333','JOULAIN STEPHANE','Médecin',47.474,-0.568333),('KASSIS_CAROLINE_474667_-055','KASSIS CAROLINE','Médecin',47.4667,-0.55),('LA_TOUR_GAUVRIT_MARIE_474532_-0537918','LA TOUR GAUVRIT MARIE','Médecin',47.4532,-0.537918),('LACOUR_CAMILLE_474681_-0559022','LACOUR CAMILLE','Médecin',47.4681,-0.559022),('LACOUR_VINCENT_474507_-0563156','LACOUR VINCENT','Médecin',47.4507,-0.563156),('LAGACHE_SOPHIE_474746_-0546655','LAGACHE SOPHIE','Médecin',47.4746,-0.546655),('LAGARDE_SYLVIE_474666_-0554491','LAGARDE SYLVIE','Médecin',47.4666,-0.554491),('LAMBERT_VINCENT_474667_-055','LAMBERT VINCENT','Médecin',47.4667,-0.55),('LANOE_DUVAL_AMELIE_47531_-05278','LANOE DUVAL AMELIE','Médecin',47.531,-0.5278),('LAUCOIN_DENIS_474798_-0526336','LAUCOIN DENIS','Médecin',47.4798,-0.526336),('LEFEVRE_EMMA_474667_-055','LEFEVRE EMMA','Médecin',47.4667,-0.55),('LEGRAND_MATTHIEU_474444_-0539189','LEGRAND MATTHIEU','Médecin',47.4444,-0.539189),('LEHUGEUR_MATHILDE_474763_-0598478','LEHUGEUR MATHILDE','Médecin',47.4763,-0.598478),('LEJEUNE_BERNARD_474834_-0526708','LEJEUNE BERNARD','Médecin',47.4834,-0.526708),('LEJEUNE_FABIENNE_474834_-0526708','LEJEUNE FABIENNE','Médecin',47.4834,-0.526708),('LELIEVRE_AUDE_474725_-0520069','LELIEVRE AUDE','Médecin',47.4725,-0.520069),('LEROY_OLIVIER_474532_-0537918','LEROY OLIVIER','Médecin',47.4532,-0.537918),('MABY_ELODIE_474763_-0598478','MABY ELODIE','Médecin',47.4763,-0.598478),('MAILLON_FRANCOIS_474667_-055','MAILLON FRANCOIS','Médecin',47.4667,-0.55),('MAITRE_FAGUER_CAMILLE_47531_-05278','MAITRE FAGUER CAMILLE','Médecin',47.531,-0.5278),('MASSON_BELLANGER_CECILE_474751_-0551792','MASSON BELLANGER CECILE','Médecin',47.4751,-0.551792),('MATHIS_FANNY_474751_-0551792','MATHIS FANNY','Médecin',47.4751,-0.551792),('MATIGNON_CHARBONNEL_CLAIRE_474751_-0551792','MATIGNON CHARBONNEL CLAIRE','Médecin',47.4751,-0.551792),('MAURICE_WILLIAM_473809_-017893','MAURICE WILLIAM','Médecin',47.3809,-0.17893),('MAYAUD_PASCAL_47468_-0557551','MAYAUD PASCAL','Médecin',47.468,-0.557551),('Médiathèque_Toussaint_474692_-0557096','Médiathèque Toussaint','Bibliothèque',47.4692,-0.557096),('MEILLAC_JEAN_FRANCOIS_47531_-05278','MEILLAC JEAN FRANCOIS','Médecin',47.531,-0.5278),('METAIRIE_LAUREN_474622_-0539718','METAIRIE LAUREN','Médecin',47.4622,-0.539718),('MODOT_MATTHIEU_47464_-0554181','MODOT MATTHIEU','Médecin',47.464,-0.554181),('MOREAU_CELINE_474913_-056127','MOREAU CELINE','Médecin',47.4913,-0.56127),('MORY_ALAIN_474444_-0539189','MORY ALAIN','Médecin',47.4444,-0.539189),('MOUNIER_SEVERINE_47531_-05278','MOUNIER SEVERINE','Médecin',47.531,-0.5278),('MOUZET_HEAULME_CAROLINE_474694_-0541992','MOUZET HEAULME CAROLINE','Médecin',47.4694,-0.541992),('MULET_FRANCOIS_474757_-0552163','MULET FRANCOIS','Médecin',47.4757,-0.552163),('NAUDIN_ROY_ADELINE_474763_-0598478','NAUDIN ROY ADELINE','Médecin',47.4763,-0.598478),('NAVE_GENEVIEVE_474762_-0535702','NAVE GENEVIEVE','Médecin',47.4762,-0.535702),('NETO_SANDRA_474502_-053017','NETO SANDRA','Médecin',47.4502,-0.53017),('NGUYEN_MAC_SON_474701_-0553908','NGUYEN MAC SON','Médecin',47.4701,-0.553908),('NOYER_ALEXANDRA_474619_-0541156','NOYER ALEXANDRA','Médecin',47.4619,-0.541156),('PAILLARD_DENIS_474667_-055','PAILLARD DENIS','Médecin',47.4667,-0.55),('PALUSSIERE_CHRISTOPHE_474757_-0552163','PALUSSIERE CHRISTOPHE','Médecin',47.4757,-0.552163),('PAPINEAU_SAMUEL_474737_-0584973','PAPINEAU SAMUEL','Médecin',47.4737,-0.584973),('PATRON_CATHERINE_474736_-0590769','PATRON CATHERINE','Médecin',47.4736,-0.590769),('PELOSO_CAMILLE_474913_-056127','PELOSO CAMILLE','Médecin',47.4913,-0.56127),('PERTHUIS_CANDICE_474746_-0546655','PERTHUIS CANDICE','Médecin',47.4746,-0.546655),('PETITEAU_GUILLAUME_474619_-0541156','PETITEAU GUILLAUME','Médecin',47.4619,-0.541156),('PHARMACIE__PASTOUREAU_ALBIOL_474676_-0550342','PHARMACIE  PASTOUREAU ALBIOL','Pharmacie',47.4676,-0.550342),('PHARMACIE_BEAUTE_474606_-0615737','PHARMACIE BEAUTE','Pharmacie',47.4606,-0.615737),('PHARMACIE_BOURGEONNEAU_474785_-0564985','PHARMACIE BOURGEONNEAU','Pharmacie',47.4785,-0.564985),('PHARMACIE_BREILLACQ_474807_-0575404','PHARMACIE BREILLACQ','Pharmacie',47.4807,-0.575404),('PHARMACIE_CENTRE_COMMERCIAL_ALLONNEAU_47487_-0527295','PHARMACIE CENTRE COMMERCIAL ALLONNEAU','Pharmacie',47.487,-0.527295),('PHARMACIE_CHAUDET_MARRO_474734_-0555358','PHARMACIE CHAUDET MARRO','Pharmacie',47.4734,-0.555358),('PHARMACIE_D\'EUROPE_474876_-0527159','PHARMACIE D\'EUROPE','Pharmacie',47.4876,-0.527159),('PHARMACIE_D\'OUTRE_MAINE_474742_-0559803','PHARMACIE D\'OUTRE MAINE','Pharmacie',47.4742,-0.559803),('PHARMACIE_DE_L\'ARBORETUM_474519_-0537728','PHARMACIE DE L\'ARBORETUM','Pharmacie',47.4519,-0.537728),('PHARMACIE_DE_L\'HORLOGE_474654_-0595532','PHARMACIE DE L\'HORLOGE','Pharmacie',47.4654,-0.595532),('PHARMACIE_DE_LA_GARE_474646_-0557853','PHARMACIE DE LA GARE','Pharmacie',47.4646,-0.557853),('PHARMACIE_DE_LA_MADELEINE_474599_-0536987','PHARMACIE DE LA MADELEINE','Pharmacie',47.4599,-0.536987),('PHARMACIE_DE_LA_ROE_474722_-0552618','PHARMACIE DE LA ROE','Pharmacie',47.4722,-0.552618),('PHARMACIE_DERAEVE_474684_-0550534','PHARMACIE DERAEVE','Pharmacie',47.4684,-0.550534),('PHARMACIE_DES_BEAUX_ARTS_474667_-0548337','PHARMACIE DES BEAUX ARTS','Pharmacie',47.4667,-0.548337),('PHARMACIE_DES_JUSTICES_474528_-0525972','PHARMACIE DES JUSTICES','Pharmacie',47.4528,-0.525972),('PHARMACIE_DES_PLANTES_474736_-0544914','PHARMACIE DES PLANTES','Pharmacie',47.4736,-0.544914),('PHARMACIE_DOLAIS_&_NICOLLE_474673_-0545079','PHARMACIE DOLAIS & NICOLLE','Pharmacie',47.4673,-0.545079),('PHARMACIE_DU_CHAPEAU_DE_GENDARME_47474_-0551559','PHARMACIE DU CHAPEAU DE GENDARME','Pharmacie',47.474,-0.551559),('PHARMACIE_DU_GRAND_MAINE_474674_-0593507','PHARMACIE DU GRAND MAINE','Pharmacie',47.4674,-0.593507),('PHARMACIE_DU_RALLIEMENT_47471_-0551195','PHARMACIE DU RALLIEMENT','Pharmacie',47.471,-0.551195),('PHARMACIE_DUTEYEULLE_474697_-0549085','PHARMACIE DUTEYEULLE','Pharmacie',47.4697,-0.549085),('PHARMACIE_FOGEL_KOENIG_474843_-0571062','PHARMACIE FOGEL KOENIG','Pharmacie',47.4843,-0.571062),('PHARMACIE_FOUCHE_474731_-0550066','PHARMACIE FOUCHE','Pharmacie',47.4731,-0.550066),('PHARMACIE_GIFFARD_474602_-0558444','PHARMACIE GIFFARD','Pharmacie',47.4602,-0.558444),('PHARMACIE_GONZALES_474593_-0520656','PHARMACIE GONZALES','Pharmacie',47.4593,-0.520656),('PHARMACIE_GUERIN_47475_-0561654','PHARMACIE GUERIN','Pharmacie',47.475,-0.561654),('PHARMACIE_JEAN_VILAR_47474_-0551559','PHARMACIE JEAN VILAR','Pharmacie',47.474,-0.551559),('PHARMACIE_JOLY_474784_-0544083','PHARMACIE JOLY','Pharmacie',47.4784,-0.544083),('PHARMACIE_LAFAYETTE_474627_-0554941','PHARMACIE LAFAYETTE','Pharmacie',47.4627,-0.554941),('PHARMACIE_LANGLOIS_474716_-0521904','PHARMACIE LANGLOIS','Pharmacie',47.4716,-0.521904),('PHARMACIE_LE_GALL_474669_-0557562','PHARMACIE LE GALL','Pharmacie',47.4669,-0.557562),('PHARMACIE_LE_GALLOUDEC_474667_-055','PHARMACIE LE GALLOUDEC','Pharmacie',47.4667,-0.55),('PHARMACIE_LORETTE_474513_-0549013','PHARMACIE LORETTE','Pharmacie',47.4513,-0.549013),('PHARMACIE_MAECHLER_474736_-0545839','PHARMACIE MAECHLER','Pharmacie',47.4736,-0.545839),('PHARMACIE_MAXENCE_474755_-0549456','PHARMACIE MAXENCE','Pharmacie',47.4755,-0.549456),('PHARMACIE_MONTESQUIEU_474733_-0580183','PHARMACIE MONTESQUIEU','Pharmacie',47.4733,-0.580183),('PHARMACIE_MOUSNIER_474763_-0598478','PHARMACIE MOUSNIER','Pharmacie',47.4763,-0.598478),('PHARMACIE_MUTUALISTE_474717_-0555385','PHARMACIE MUTUALISTE','Pharmacie',47.4717,-0.555385),('PHARMACIE_PASTEUR_474794_-0527531','PHARMACIE PASTEUR','Pharmacie',47.4794,-0.527531),('Pharmacie_Patton_Angers_474736_-0590574','Pharmacie Patton Angers','Pharmacie',47.4736,-0.590574),('PHARMACIE_PIERRE_LISE_47472_-0542145','PHARMACIE PIERRE LISE','Pharmacie',47.472,-0.542145),('PHARMACIE_PLANCHET_47475_-0535455','PHARMACIE PLANCHET','Pharmacie',47.475,-0.535455),('PHARMACIE_ROUX_474687_-0532556','PHARMACIE ROUX','Pharmacie',47.4687,-0.532556),('PHARMACIE_SAINT-NICOLAS_474667_-055','PHARMACIE SAINT-NICOLAS','Pharmacie',47.4667,-0.55),('PHARMACIE_SCHWOOB_474571_-05543','PHARMACIE SCHWOOB','Pharmacie',47.4571,-0.5543),('PHARMACIE_TENAILLEAU_474557_-0534802','PHARMACIE TENAILLEAU','Pharmacie',47.4557,-0.534802),('PIGNIER_BELJEAN_BENEDICTE_474451_-0598805','PIGNIER BELJEAN BENEDICTE','Médecin',47.4451,-0.598805),('PINEAU_CHRISTIAN_47531_-05278','PINEAU CHRISTIAN','Médecin',47.531,-0.5278),('PITHON_FRANCOIS_474507_-0563156','PITHON FRANCOIS','Médecin',47.4507,-0.563156),('PREAU_CLOE_474737_-0584973','PREAU CLOE','Médecin',47.4737,-0.584973),('PREAU_HELOISE_474532_-0537918','PREAU HELOISE','Médecin',47.4532,-0.537918),('PROBST_GEOFFREY_47468_-0557551','PROBST GEOFFREY','Médecin',47.468,-0.557551),('RACHOU_LOUIS_474798_-0526336','RACHOU LOUIS','Médecin',47.4798,-0.526336),('RAGUIN_CLAUDE_474515_-0547982','RAGUIN CLAUDE','Médecin',47.4515,-0.547982),('REAU_AMELIE_474464_-0559281','REAU AMELIE','Médecin',47.4464,-0.559281),('REMAUD_PHILIPPE_47531_-05278','REMAUD PHILIPPE','Médecin',47.531,-0.5278),('RENON_STEPHANE_47467_-0557718','RENON STEPHANE','Médecin',47.467,-0.557718),('RIBEILL_PAUL_474715_-0568097','RIBEILL PAUL','Médecin',47.4715,-0.568097),('RICHARD_CAROLINE_474737_-0584973','RICHARD CAROLINE','Médecin',47.4737,-0.584973),('RIOM_THIBAUT_474532_-0537918','RIOM THIBAUT','Médecin',47.4532,-0.537918),('ROLAND_CAROLINE_47464_-0554181','ROLAND CAROLINE','Médecin',47.464,-0.554181),('RONCERAY_NOLWENN_474604_-0554913','RONCERAY NOLWENN','Médecin',47.4604,-0.554913),('RONDEAU_CHRISTOPHE_474715_-0568097','RONDEAU CHRISTOPHE','Médecin',47.4715,-0.568097),('ROUESSE_CHARLES_474676_-0547729','ROUESSE CHARLES','Médecin',47.4676,-0.547729),('ROUSSEAU_MORGANE_474464_-0559281','ROUSSEAU MORGANE','Médecin',47.4464,-0.559281),('ROY_MOQADDAM_MTIOUI_BEATRICE_474791_-0563018','ROY MOQADDAM MTIOUI BEATRICE','Médecin',47.4791,-0.563018),('SCOFFIER_LAURE_MARIE_47531_-05278','SCOFFIER LAURE MARIE','Médecin',47.531,-0.5278),('SERGENT_PAULINE_474808_-0533523','SERGENT PAULINE','Médecin',47.4808,-0.533523),('SERVANT_ANTOINE_474715_-0568097','SERVANT ANTOINE','Médecin',47.4715,-0.568097),('STAPHORST_KAREN_474782_-0569106','STAPHORST KAREN','Médecin',47.4782,-0.569106),('STEHLIN_PIERRE_474747_-0563488','STEHLIN PIERRE','Médecin',47.4747,-0.563488),('TAMDEM_FOKO_VALERY_474444_-0539189','TAMDEM FOKO VALERY','Médecin',47.4444,-0.539189),('TARAVEL_HUGUES_474747_-0563488','TARAVEL HUGUES','Médecin',47.4747,-0.563488),('TESTIER_ELISABETH_474667_-055','TESTIER ELISABETH','Médecin',47.4667,-0.55),('THILLIER_CATHERINE_474667_-055','THILLIER CATHERINE','Médecin',47.4667,-0.55),('TODOSKOFF_THOMAS_KARINE_474808_-0533523','TODOSKOFF THOMAS KARINE','Médecin',47.4808,-0.533523),('TRICOIRE_GILLES_47468_-0557551','TRICOIRE GILLES','Médecin',47.468,-0.557551),('VAN_OLDENEEL_LAURENCE_47531_-05278','VAN OLDENEEL LAURENCE','Médecin',47.531,-0.5278),('VEILLEROT_FRANCOISE_474463_-0560856','VEILLEROT FRANCOISE','Médecin',47.4463,-0.560856),('VINCELOT_PHILIPPE_47469_-0545694','VINCELOT PHILIPPE','Médecin',47.469,-0.545694),('YVON_RICHARD_474543_-0555288','YVON RICHARD','Médecin',47.4543,-0.555288),('ZADI_SALIMA_474667_-055','ZADI SALIMA','Médecin',47.4667,-0.55);
/*!40000 ALTER TABLE `infrastructures` ENABLE KEYS */;
UNLOCK TABLES;

--
-- Table structure for table `type_scores`
--

DROP TABLE IF EXISTS `type_scores`;
/*!40101 SET @saved_cs_client     = @@character_set_client */;
/*!50503 SET character_set_client = utf8mb4 */;
CREATE TABLE `type_scores` (
  `type_infra` varchar(50) NOT NULL,
  `score` int NOT NULL,
  PRIMARY KEY (`type_infra`)
) ENGINE=InnoDB DEFAULT CHARSET=utf8mb4 COLLATE=utf8mb4_0900_ai_ci;
/*!40101 SET character_set_client = @saved_cs_client */;

--
-- Dumping data for table `type_scores`
--

LOCK TABLES `type_scores` WRITE;
/*!40000 ALTER TABLE `type_scores` DISABLE KEYS */;
INSERT INTO `type_scores` VALUES ('Bibliothèque',1),('Médecin',3),('Pharmacie',2),('Pompiers',3),('Santé',5);
/*!40000 ALTER TABLE `type_scores` ENABLE KEYS */;
UNLOCK TABLES;
/*!40103 SET TIME_ZONE=@OLD_TIME_ZONE */;

/*!40101 SET SQL_MODE=@OLD_SQL_MODE */;
/*!40014 SET FOREIGN_KEY_CHECKS=@OLD_FOREIGN_KEY_CHECKS */;
/*!40014 SET UNIQUE_CHECKS=@OLD_UNIQUE_CHECKS */;
/*!40101 SET CHARACTER_SET_CLIENT=@OLD_CHARACTER_SET_CLIENT */;
/*!40101 SET CHARACTER_SET_RESULTS=@OLD_CHARACTER_SET_RESULTS */;
/*!40101 SET COLLATION_CONNECTION=@OLD_COLLATION_CONNECTION */;
/*!40111 SET SQL_NOTES=@OLD_SQL_NOTES */;

-- Dump completed on 2025-02-05 15:43:30
